account_id,account_name,country,industry,referral_source,plan_tier_inicial,seats,signup_date,churn_flag_accounts,eventos_churn_events,primeiro_churn_date,ultimo_churn_date,assinaturas,assinaturas_encerradas,ultima_assinatura_encerrada,assinaturas_pagas_ativas_31dez24,mrr_ativo_31dez24_leituraA,mrr_ativo_31dez24_leituraB
A-2e4581,Company_0,US,EdTech,partner,Basic,9,2024-10-16,Nao,2,2024-11-23,2024-12-05,10,0,Nao,8,12603,836
A-43a9e3,Company_1,IN,FinTech,other,Basic,18,2023-08-17,Sim,0,,,8,0,Nao,8,10004,882
A-0a282f,Company_2,US,DevTools,organic,Basic,1,2024-08-27,Nao,2,2024-10-06,2024-12-31,15,3,Nao,12,13311,98
A-1f0ac7,Company_3,UK,HealthTech,other,Basic,24,2023-08-27,Nao,1,2024-11-08,2024-11-08,7,0,Nao,6,9275,1176
A-ce550d,Company_4,US,HealthTech,event,Enterprise,35,2024-10-27,Sim,1,2024-12-28,2024-12-28,9,2,Sim,6,25355,1715
A-1b9609,Company_5,IN,EdTech,ads,Enterprise,4,2023-10-12,Nao,3,2024-01-02,2024-11-16,11,1,Nao,9,16614,323
A-a0ca4e,Company_6,US,Cybersecurity,ads,Pro,11,2024-03-08,Nao,0,,,9,0,Nao,8,16633,5174
A-e5d6ab,Company_7,US,EdTech,partner,Pro,3,2023-04-15,Nao,2,2023-04-24,2024-05-11,10,1,Nao,8,12383,1568
A-7dacce,Company_8,CA,Cybersecurity,event,Enterprise,12,2024-09-10,Sim,3,2024-09-18,2024-12-27,10,0,Nao,7,23057,13333
A-10b8da,Company_9,US,DevTools,partner,Enterprise,14,2023-05-08,Sim,0,,,6,1,Nao,4,5404,1666
A-592832,Company_10,US,Cybersecurity,organic,Basic,18,2024-09-25,Sim,1,2024-10-04,2024-10-04,19,3,Nao,14,26833,882
A-d40bf7,Company_11,IN,FinTech,organic,Basic,59,2024-11-08,Nao,0,,,10,0,Nao,7,43247,1121
A-6c093d,Company_12,US,DevTools,partner,Basic,7,2023-04-14,Nao,0,,,12,3,Nao,8,15556,171
A-462d45,Company_13,US,Cybersecurity,partner,Enterprise,11,2024-01-15,Nao,1,2024-05-17,2024-05-17,12,2,Nao,8,18752,1470
A-956988,Company_14,UK,EdTech,ads,Enterprise,1,2024-11-30,Nao,2,2024-12-08,2024-12-30,13,1,Nao,11,29407,6368
A-ac14bb,Company_15,US,FinTech,partner,Enterprise,21,2023-09-08,Nao,2,2024-08-29,2024-10-01,8,2,Nao,5,20382,532
A-463db0,Company_16,US,HealthTech,partner,Basic,15,2024-12-05,Nao,1,2024-12-30,2024-12-30,7,0,Nao,7,13266,735
A-ce66f8,Company_17,CA,EdTech,event,Pro,29,2023-08-23,Nao,0,,,6,0,Nao,6,11858,1421
A-c4ea60,Company_18,DE,FinTech,other,Enterprise,18,2023-03-09,Sim,0,,,9,0,Nao,8,14646,3582
A-832ec2,Company_19,UK,FinTech,event,Enterprise,4,2023-11-19,Nao,2,2023-12-19,2024-09-15,8,0,Nao,6,9299,4378
A-684255,Company_20,US,FinTech,ads,Enterprise,9,2024-04-14,Nao,2,2024-05-04,2024-07-03,14,3,Sim,11,10864,532
A-c42f1f,Company_21,US,HealthTech,other,Pro,8,2024-07-28,Nao,0,,,8,1,Nao,7,4636,152
A-4e44e8,Company_22,US,DevTools,ads,Enterprise,3,2024-08-20,Sim,2,2024-08-25,2024-10-11,14,2,Nao,9,20531,3383
A-30b4ca,Company_23,IN,EdTech,organic,Basic,86,2024-05-20,Sim,1,2024-09-01,2024-09-01,8,0,Nao,7,75938,1634
A-9f2731,Company_24,IN,FinTech,event,Enterprise,1,2024-10-04,Nao,2,2024-10-15,2024-12-09,7,0,Nao,4,3613,637
A-32fb14,Company_25,US,DevTools,event,Enterprise,26,2023-03-07,Sim,3,2023-08-19,2024-04-28,9,2,Nao,6,8775,5174
A-00cac8,Company_26,AU,HealthTech,organic,Enterprise,8,2023-09-15,Nao,0,,,9,0,Nao,8,14121,931
A-35083d,Company_27,IN,HealthTech,partner,Basic,19,2023-04-28,Sim,0,,,16,1,Nao,12,31502,9751
A-eb7fac,Company_28,US,DevTools,organic,Enterprise,7,2023-10-28,Nao,1,2024-07-22,2024-07-22,10,1,Nao,9,41753,494
A-b20d99,Company_29,IN,HealthTech,other,Basic,20,2023-09-27,Nao,1,2024-03-04,2024-03-04,7,0,Nao,7,11069,3980
A-396e5f,Company_30,CA,Cybersecurity,other,Enterprise,2,2024-10-02,Nao,1,2024-11-30,2024-11-30,10,0,Nao,9,10236,1666
A-45ce7a,Company_31,US,FinTech,ads,Enterprise,16,2023-07-23,Nao,0,,,7,1,Nao,5,7432,3184
A-08e34e,Company_32,US,EdTech,event,Basic,14,2024-06-27,Sim,2,2024-07-13,2024-09-01,11,0,Nao,9,21821,2786
A-8145a0,Company_33,AU,Cybersecurity,partner,Basic,2,2023-04-25,Nao,1,2023-07-12,2023-07-12,12,1,Nao,10,12285,285
A-bad8c1,Company_34,AU,FinTech,organic,Basic,7,2023-03-01,Nao,1,2023-10-04,2023-10-04,7,0,Nao,5,7797,1813
A-44dc83,Company_35,FR,EdTech,other,Basic,5,2024-05-12,Nao,1,2024-11-29,2024-11-29,4,0,Nao,1,456,456
A-f446b6,Company_36,DE,DevTools,ads,Pro,5,2023-05-12,Nao,0,,,9,1,Nao,8,8805,95
A-a45270,Company_37,US,HealthTech,ads,Enterprise,3,2024-06-24,Nao,1,2024-11-12,2024-11-12,12,1,Nao,9,19984,597
A-854864,Company_38,IN,FinTech,event,Enterprise,20,2024-12-07,Nao,1,2024-12-24,2024-12-24,6,1,Nao,5,14379,980
A-1b7577,Company_39,US,Cybersecurity,other,Pro,4,2024-10-27,Nao,0,,,11,2,Nao,8,8505,2009
A-05f0e5,Company_40,US,FinTech,partner,Basic,32,2023-05-04,Nao,2,2024-01-14,2024-11-25,12,0,Nao,12,51109,2842
A-9077b0,Company_41,US,HealthTech,ads,Basic,2,2024-08-25,Nao,0,,,7,2,Sim,3,779,398
A-7f8241,Company_42,US,EdTech,organic,Pro,34,2023-03-14,Sim,0,,,15,0,Nao,14,39516,6766
A-2bc93d,Company_43,US,HealthTech,event,Basic,14,2023-03-14,Nao,2,2023-08-10,2024-08-15,13,1,Nao,11,32128,1715
A-f3ff05,Company_44,IN,FinTech,other,Enterprise,2,2024-07-06,Nao,1,2024-10-20,2024-10-20,13,1,Nao,11,19427,570
A-2d4502,Company_45,IN,FinTech,event,Basic,7,2024-04-29,Nao,1,2024-05-07,2024-05-07,10,0,Nao,9,29071,6766
A-6a4e2d,Company_46,UK,EdTech,partner,Pro,9,2023-04-07,Nao,1,2024-07-19,2024-07-19,11,3,Sim,8,9537,494
A-eb7c38,Company_47,AU,DevTools,organic,Enterprise,5,2024-02-25,Nao,1,2024-03-22,2024-03-22,15,4,Nao,8,17144,627
A-c37601,Company_48,US,EdTech,partner,Basic,6,2024-10-31,Nao,1,2024-12-17,2024-12-17,12,2,Nao,8,17490,10746
A-3b5cd1,Company_49,US,FinTech,event,Basic,13,2023-09-12,Nao,3,2024-01-21,2024-08-30,13,0,Nao,11,23676,4179
A-b2225d,Company_50,US,FinTech,ads,Basic,47,2024-03-08,Sim,3,2024-03-31,2024-06-27,12,0,Nao,7,19088,893
A-94f8c9,Company_51,US,HealthTech,other,Basic,13,2024-03-29,Nao,1,2024-05-02,2024-05-02,16,1,Nao,13,31989,2587
A-02fac6,Company_52,US,FinTech,event,Pro,22,2023-04-06,Nao,1,2024-08-21,2024-08-21,11,0,Nao,11,26410,1078
A-c1dfe1,Company_53,DE,DevTools,ads,Pro,26,2023-08-07,Nao,2,2023-09-21,2024-06-06,8,1,Nao,7,25296,494
A-32728c,Company_54,US,DevTools,event,Pro,20,2023-01-03,Sim,3,2023-01-25,2024-07-19,8,1,Nao,5,4118,798
A-4c38bc,Company_55,UK,HealthTech,event,Basic,36,2024-03-09,Sim,0,,,16,2,Sim,13,45612,1764
A-1b707d,Company_56,US,Cybersecurity,organic,Enterprise,1,2023-07-14,Nao,1,2023-07-21,2023-07-21,8,1,Nao,6,9180,456
A-6f8ad2,Company_57,IN,EdTech,organic,Basic,1,2024-07-09,Nao,0,,,17,2,Nao,14,25046,779
A-4d1e75,Company_58,US,DevTools,other,Basic,20,2024-08-21,Nao,1,2024-09-05,2024-09-05,13,0,Nao,11,31390,380
A-9ee962,Company_59,US,HealthTech,ads,Basic,9,2023-02-28,Sim,1,2024-10-03,2024-10-03,9,2,Nao,6,9249,171
A-378b99,Company_60,UK,EdTech,ads,Pro,8,2024-09-01,Nao,1,2024-10-12,2024-10-12,12,1,Nao,9,10524,784
A-94d3da,Company_61,US,HealthTech,other,Basic,41,2023-05-03,Nao,1,2024-04-12,2024-04-12,12,1,Nao,6,20664,779
A-e351e1,Company_62,US,EdTech,other,Enterprise,33,2024-09-26,Nao,3,2024-10-24,2024-12-04,5,1,Sim,3,2871,1617
A-9badbd,Company_63,DE,Cybersecurity,ads,Enterprise,5,2024-06-19,Nao,0,,,13,2,Sim,9,20299,1393
A-7e0a10,Company_64,US,FinTech,ads,Enterprise,46,2023-11-18,Nao,1,2024-09-26,2024-09-26,10,0,Nao,10,41116,13930
A-118d55,Company_65,US,Cybersecurity,organic,Basic,8,2024-10-22,Nao,2,2024-11-25,2024-12-27,12,1,Sim,11,18148,539
A-526d93,Company_66,FR,HealthTech,organic,Basic,43,2024-04-14,Nao,3,2024-07-10,2024-09-25,9,1,Sim,6,30644,817
A-f92792,Company_67,US,FinTech,ads,Pro,1,2024-07-04,Nao,1,2024-11-03,2024-11-03,14,0,Nao,11,18807,361
A-84ebe4,Company_68,US,FinTech,ads,Pro,18,2023-03-12,Sim,2,2024-01-05,2024-01-20,11,2,Nao,8,27652,7164
A-5b4ebb,Company_69,UK,Cybersecurity,other,Basic,21,2024-07-10,Sim,0,,,13,1,Nao,11,27404,1470
A-2922b6,Company_70,US,HealthTech,organic,Basic,15,2024-11-14,Nao,1,2024-12-25,2024-12-25,6,1,Nao,5,9934,980
A-9b9fe9,Company_71,AU,EdTech,other,Basic,5,2023-09-28,Nao,2,2023-12-27,2024-09-04,12,1,Nao,9,19480,9950
A-a8b49c,Company_72,UK,Cybersecurity,partner,Basic,7,2023-10-06,Nao,1,2024-06-17,2024-06-17,12,0,Nao,10,11567,343
A-9174e0,Company_73,US,Cybersecurity,partner,Basic,37,2024-12-04,Nao,0,,,15,1,Nao,12,46613,7363
A-a1bbb6,Company_74,CA,DevTools,organic,Basic,1,2023-04-05,Nao,0,,,8,1,Nao,6,14157,392
A-c45b23,Company_75,UK,FinTech,partner,Basic,5,2023-12-08,Nao,1,2024-03-24,2024-03-24,12,1,Sim,8,3330,343
A-02cd81,Company_76,IN,HealthTech,other,Basic,44,2024-03-28,Nao,1,2024-04-30,2024-04-30,14,1,Nao,10,30800,2156
A-ee42db,Company_77,DE,EdTech,ads,Enterprise,13,2023-04-25,Nao,4,2023-06-23,2024-11-12,12,0,Nao,8,11567,570
A-432483,Company_78,US,Cybersecurity,ads,Pro,4,2023-02-06,Nao,0,,,9,3,Nao,5,22941,1519
A-9208f0,Company_79,US,EdTech,organic,Pro,1,2023-05-11,Sim,4,2023-11-18,2024-11-09,8,1,Nao,4,3413,475
A-98a59a,Company_80,UK,FinTech,partner,Enterprise,56,2023-08-04,Nao,1,2024-09-11,2024-09-11,10,0,Nao,9,36456,2744
A-fe79a5,Company_81,IN,HealthTech,ads,Basic,9,2024-02-21,Nao,0,,,10,2,Nao,5,11741,1791
A-726cfa,Company_82,US,DevTools,partner,Pro,11,2023-07-01,Nao,1,2024-08-08,2024-08-08,19,2,Nao,16,34243,7562
A-c43359,Company_83,US,FinTech,organic,Pro,38,2024-11-16,Nao,2,2024-12-12,2024-12-19,8,2,Nao,4,10868,722
A-271f46,Company_84,US,DevTools,event,Pro,38,2023-02-09,Sim,2,2023-03-04,2024-08-09,8,0,Nao,6,19604,9154
A-157070,Company_85,US,FinTech,ads,Pro,16,2023-11-09,Nao,2,2024-01-06,2024-12-27,16,4,Sim,10,22395,4577
A-40a557,Company_86,AU,Cybersecurity,partner,Pro,16,2023-12-03,Nao,1,2023-12-08,2023-12-08,9,1,Nao,7,20140,3184
A-66224b,Company_87,US,HealthTech,other,Pro,92,2024-10-18,Nao,0,,,12,1,Nao,7,50876,4508
A-91e948,Company_88,AU,EdTech,partner,Basic,41,2023-01-29,Nao,0,,,7,0,Nao,6,21894,8159
A-104f1a,Company_89,US,Cybersecurity,other,Pro,24,2024-08-17,Nao,3,2024-09-06,2024-12-11,8,1,Nao,6,6590,646
A-7988d1,Company_90,US,Cybersecurity,other,Basic,33,2023-12-20,Nao,3,2024-01-06,2024-12-24,9,1,Nao,5,10065,1617
A-faa28c,Company_91,US,HealthTech,organic,Enterprise,48,2024-01-30,Nao,2,2024-05-24,2024-08-20,14,2,Nao,9,39300,2352
A-f25509,Company_92,US,EdTech,other,Enterprise,32,2024-03-22,Nao,3,2024-05-17,2024-11-10,5,0,Nao,4,16122,1083
A-3a7284,Company_93,US,FinTech,organic,Enterprise,31,2024-11-17,Nao,1,2024-12-26,2024-12-26,12,3,Nao,9,32515,1519
A-3a5ad8,Company_94,US,HealthTech,organic,Enterprise,9,2023-12-05,Nao,0,,,13,0,Nao,9,28701,1791
A-65a46c,Company_95,US,HealthTech,event,Pro,1,2023-11-04,Nao,0,,,8,1,Nao,7,22675,1715
A-8b25f2,Company_96,US,Cybersecurity,ads,Pro,6,2024-02-17,Sim,0,,,13,2,Nao,9,12965,2587
A-fabe19,Company_97,UK,DevTools,ads,Enterprise,1,2024-11-11,Nao,0,,,7,2,Nao,3,9552,2388
A-adc1f3,Company_98,US,Cybersecurity,organic,Pro,2,2024-08-05,Nao,0,,,9,1,Nao,7,16658,995
A-503d5a,Company_99,US,FinTech,other,Enterprise,4,2023-10-21,Sim,0,,,12,0,Nao,9,17884,11144
A-fd7ad3,Company_100,US,Cybersecurity,event,Enterprise,1,2024-11-01,Nao,4,2024-11-12,2024-12-31,10,2,Nao,5,904,551
A-186a44,Company_101,US,HealthTech,ads,Enterprise,20,2023-08-07,Nao,0,,,14,1,Nao,8,20609,3980
A-e888d1,Company_102,US,Cybersecurity,other,Pro,14,2023-03-28,Nao,3,2023-06-06,2024-11-29,11,2,Nao,7,10462,833
A-69fad4,Company_103,UK,FinTech,ads,Basic,6,2023-04-06,Sim,1,2024-06-17,2024-06-17,7,2,Nao,4,3678,209
A-9289f6,Company_104,US,EdTech,event,Enterprise,1,2023-05-31,Nao,1,2023-08-24,2023-08-24,12,1,Nao,9,12868,1225
A-f19409,Company_105,US,DevTools,other,Basic,23,2023-03-16,Sim,2,2023-03-26,2023-05-25,12,1,Nao,10,29559,665
A-22f2df,Company_106,US,DevTools,ads,Basic,3,2024-12-14,Nao,0,,,9,0,Nao,8,7451,209
A-039727,Company_107,AU,EdTech,organic,Pro,25,2024-11-02,Nao,1,2024-12-22,2024-12-22,15,1,Sim,12,31445,475
A-2e3bad,Company_108,CA,FinTech,other,Pro,61,2023-08-13,Nao,1,2024-03-30,2024-03-30,10,2,Sim,6,41724,1159
A-484819,Company_109,US,HealthTech,organic,Pro,18,2023-02-21,Nao,2,2023-06-29,2023-12-29,8,2,Nao,6,15088,3582
A-425e76,Company_110,UK,DevTools,other,Enterprise,8,2023-05-17,Sim,4,2023-08-10,2024-10-22,11,1,Nao,10,10743,1791
A-e83938,Company_111,UK,DevTools,other,Pro,2,2023-11-21,Sim,3,2024-02-19,2024-12-29,8,0,Nao,7,7503,1026
A-ad296b,Company_112,AU,DevTools,event,Pro,38,2024-07-15,Nao,0,,,6,1,Nao,4,17708,1862
A-e51ec7,Company_113,CA,FinTech,partner,Enterprise,2,2023-09-23,Nao,3,2024-01-15,2024-04-07,8,1,Nao,5,24076,1990
A-0aaf6e,Company_114,US,FinTech,organic,Enterprise,3,2024-05-11,Nao,0,,,9,1,Nao,6,23496,3582
A-e61e98,Company_115,US,FinTech,partner,Enterprise,19,2023-10-20,Sim,1,2024-10-19,2024-10-19,9,0,Nao,8,13484,6766
A-92a333,Company_116,US,FinTech,event,Enterprise,9,2023-03-24,Nao,0,,,6,0,Nao,6,10659,171
A-95b24a,Company_117,US,FinTech,event,Pro,38,2023-06-06,Sim,0,,,11,0,Nao,9,25034,722
A-42e5e1,Company_118,US,DevTools,ads,Pro,1,2024-07-09,Sim,1,2024-10-04,2024-10-04,7,1,Nao,4,4936,490
A-7d514c,Company_119,DE,HealthTech,organic,Enterprise,17,2024-02-03,Nao,0,,,9,1,Nao,6,15717,3383
A-65aeb5,Company_120,US,DevTools,partner,Pro,9,2024-01-25,Nao,2,2024-02-27,2024-12-02,12,3,Sim,8,19893,441
A-e2cd1b,Company_121,US,DevTools,other,Enterprise,15,2024-02-04,Nao,0,,,9,0,Nao,7,12548,3184
A-180abf,Company_122,US,DevTools,event,Pro,64,2023-08-14,Sim,5,2023-12-04,2024-09-12,9,2,Nao,6,24576,3136
A-f17767,Company_123,US,DevTools,event,Enterprise,1,2023-01-30,Sim,1,2023-05-03,2023-05-03,14,2,Nao,12,14914,735
A-5a184f,Company_124,DE,DevTools,other,Enterprise,1,2023-06-19,Sim,3,2023-07-23,2024-09-11,10,1,Sim,8,19999,19
A-7df7a7,Company_125,US,DevTools,organic,Basic,7,2023-01-28,Sim,1,2024-07-10,2024-07-10,15,1,Nao,12,26568,5970
A-1ac5e0,Company_126,US,DevTools,event,Basic,33,2024-10-20,Sim,0,,,10,0,Nao,7,18249,1617
A-52dd88,Company_127,US,Cybersecurity,ads,Pro,23,2023-02-21,Nao,0,,,11,0,Nao,10,16592,1470
A-bece89,Company_128,IN,Cybersecurity,event,Pro,26,2023-12-01,Nao,2,2023-12-16,2024-07-27,6,0,Nao,6,19250,1862
A-029f69,Company_129,CA,Cybersecurity,event,Basic,3,2024-03-07,Nao,3,2024-06-17,2024-12-14,16,3,Nao,12,13324,646
A-5c046d,Company_130,FR,EdTech,partner,Basic,93,2024-07-06,Nao,0,,,8,0,Nao,8,83886,18507
A-fb186e,Company_131,IN,EdTech,organic,Basic,29,2024-10-27,Nao,0,,,3,0,Nao,1,5771,5771
A-ae052e,Company_132,CA,FinTech,other,Basic,39,2023-09-11,Nao,4,2023-10-07,2024-12-14,6,3,Nao,2,3822,1911
A-9f9299,Company_133,US,FinTech,organic,Enterprise,28,2023-09-02,Nao,2,2024-03-24,2024-10-08,15,3,Nao,12,34087,1372
A-96e141,Company_134,UK,DevTools,partner,Basic,14,2023-08-12,Nao,2,2024-07-22,2024-09-22,7,1,Nao,5,15183,4975
A-117171,Company_135,FR,HealthTech,organic,Basic,45,2024-09-12,Sim,3,2024-10-13,2024-11-14,5,1,Sim,2,9810,855
A-313be3,Company_136,US,EdTech,partner,Enterprise,47,2023-11-15,Nao,2,2023-12-09,2024-03-23,11,0,Nao,5,19006,2303
A-671f31,Company_137,US,DevTools,ads,Basic,59,2024-11-24,Nao,0,,,6,0,Nao,5,30385,11741
A-bbc346,Company_138,US,FinTech,partner,Enterprise,19,2024-08-29,Nao,2,2024-10-31,2024-11-03,13,2,Nao,9,32142,980
A-c16101,Company_139,IN,EdTech,other,Basic,7,2024-09-06,Nao,2,2024-11-13,2024-12-19,10,0,Nao,10,12422,343
A-50f3f7,Company_140,US,HealthTech,partner,Basic,31,2023-12-22,Sim,0,,,15,0,Nao,13,44077,6169
A-7da956,Company_141,US,Cybersecurity,event,Pro,13,2024-06-02,Nao,0,,,12,2,Nao,7,7930,2985
A-019782,Company_142,FR,DevTools,event,Enterprise,11,2023-04-19,Nao,0,,,9,1,Nao,6,5169,266
A-df10db,Company_143,US,DevTools,other,Enterprise,2,2023-06-06,Nao,2,2024-05-19,2024-07-12,11,1,Nao,9,11464,2388
A-3932db,Company_144,CA,HealthTech,other,Pro,19,2023-10-04,Sim,0,,,9,1,Nao,6,14087,6965
A-4f18f0,Company_145,CA,DevTools,other,Pro,24,2024-04-21,Nao,2,2024-05-27,2024-12-01,12,3,Nao,8,29333,456
A-4c6f11,Company_146,CA,FinTech,organic,Pro,24,2023-11-27,Sim,2,2024-06-29,2024-10-18,5,0,Nao,5,7586,456
A-8ae05d,Company_147,IN,FinTech,other,Enterprise,86,2024-04-06,Nao,1,2024-08-30,2024-08-30,7,1,Nao,4,9116,4214
A-b78bf8,Company_148,US,DevTools,event,Pro,33,2024-11-15,Nao,1,2024-12-06,2024-12-06,8,0,Nao,7,22423,1617
A-eafc6e,Company_149,US,DevTools,partner,Pro,27,2023-07-06,Sim,2,2023-07-31,2024-12-12,7,0,Nao,5,16229,1323
A-37f969,Company_150,IN,HealthTech,partner,Enterprise,30,2023-10-14,Nao,4,2024-02-12,2024-12-12,8,0,Nao,8,22959,5970
A-10b8f2,Company_151,DE,HealthTech,organic,Basic,47,2023-01-11,Nao,1,2024-06-04,2024-06-04,12,0,Nao,9,30719,2352
A-439b2f,Company_152,US,DevTools,ads,Enterprise,1,2024-02-21,Sim,2,2024-08-02,2024-11-18,6,1,Nao,5,1796,1274
A-544d0a,Company_153,US,DevTools,organic,Basic,2,2024-05-02,Nao,0,,,10,0,Nao,9,18492,398
A-ba6516,Company_154,US,FinTech,ads,Pro,27,2023-10-29,Nao,1,2024-03-17,2024-03-17,13,0,Nao,10,28379,5373
A-712426,Company_155,US,HealthTech,other,Enterprise,9,2024-11-10,Nao,3,2024-11-21,2024-12-23,15,2,Nao,10,8671,247
A-038089,Company_156,FR,DevTools,other,Pro,5,2023-12-19,Sim,2,2024-10-21,2024-12-25,3,0,Nao,3,2104,95
A-afa505,Company_157,US,DevTools,partner,Basic,70,2023-12-27,Nao,1,2024-03-02,2024-03-02,9,1,Nao,6,62580,13930
A-d5a319,Company_158,US,FinTech,other,Enterprise,15,2023-05-04,Sim,0,,,12,0,Nao,10,37847,2985
A-f97b9a,Company_159,US,FinTech,event,Pro,16,2023-07-09,Nao,0,,,11,0,Nao,7,23833,784
A-2f6a32,Company_160,US,HealthTech,organic,Basic,19,2024-08-26,Nao,0,,,11,2,Nao,7,6221,361
A-856b1e,Company_161,US,FinTech,partner,Basic,19,2023-10-31,Nao,0,,,6,0,Nao,5,6321,1764
A-17939a,Company_162,US,HealthTech,organic,Basic,1,2024-12-26,Nao,0,,,11,2,Nao,9,8035,266
A-d27f50,Company_163,UK,Cybersecurity,ads,Enterprise,44,2024-07-20,Nao,0,,,12,3,Sim,7,25671,836
A-e36807,Company_164,AU,EdTech,other,Pro,6,2024-05-17,Nao,0,,,10,1,Nao,7,10707,1791
A-ff79f2,Company_165,US,DevTools,ads,Basic,8,2024-04-25,Sim,0,,,9,2,Sim,6,23408,589
A-5b1bcd,Company_166,US,DevTools,organic,Pro,73,2023-09-16,Nao,1,2024-08-07,2024-08-07,15,1,Nao,13,131911,3577
A-71615e,Company_167,US,EdTech,organic,Basic,15,2024-05-18,Nao,1,2024-07-16,2024-07-16,13,0,Nao,11,40713,735
A-794a0b,Company_168,DE,HealthTech,organic,Basic,23,2023-06-02,Nao,1,2024-09-09,2024-09-09,7,0,Nao,5,10575,6169
A-86902e,Company_169,IN,HealthTech,other,Enterprise,34,2023-05-02,Nao,1,2024-12-07,2024-12-07,10,1,Nao,8,36041,6766
A-0532a9,Company_170,IN,FinTech,event,Pro,19,2024-09-25,Nao,1,2024-10-09,2024-10-09,10,0,Nao,10,15161,931
A-9779ad,Company_171,AU,Cybersecurity,event,Pro,40,2024-03-29,Sim,3,2024-04-17,2024-08-11,10,0,Nao,8,51680,7960
A-f45426,Company_172,US,HealthTech,organic,Basic,9,2024-08-05,Nao,2,2024-08-05,2024-11-13,11,2,Nao,6,14959,441
A-c1e51e,Company_173,US,FinTech,organic,Basic,3,2024-10-02,Nao,2,2024-11-09,2024-12-20,10,3,Sim,7,18772,5771
A-fa3095,Company_174,US,FinTech,ads,Basic,70,2023-09-03,Nao,1,2023-12-23,2023-12-23,12,0,Nao,11,69230,1330
A-ad64c6,Company_175,UK,DevTools,event,Pro,12,2024-02-23,Nao,2,2024-07-03,2024-07-29,6,1,Nao,4,14120,5572
A-39b19f,Company_176,US,FinTech,partner,Enterprise,1,2023-02-03,Nao,1,2023-03-11,2023-03-11,11,2,Nao,7,11902,247
A-56962b,Company_177,UK,EdTech,partner,Enterprise,163,2024-04-09,Nao,2,2024-07-27,2024-08-26,7,1,Nao,5,54605,32437
A-e60f9d,Company_178,US,FinTech,other,Basic,29,2024-08-26,Nao,0,,,15,2,Sim,11,50095,5771
A-88c6ca,Company_179,DE,FinTech,ads,Basic,5,2024-10-25,Sim,0,,,7,0,Nao,6,6449,1127
A-158f4e,Company_180,IN,FinTech,other,Enterprise,61,2023-03-03,Nao,2,2023-03-05,2024-12-04,12,1,Nao,10,42700,12139
A-5b051a,Company_181,US,Cybersecurity,event,Enterprise,22,2024-08-05,Nao,0,,,4,1,Nao,3,1914,1078
A-296d7c,Company_182,DE,DevTools,other,Enterprise,2,2023-11-08,Nao,1,2024-11-04,2024-11-04,7,0,Nao,6,1989,294
A-1619f8,Company_183,US,DevTools,organic,Pro,29,2024-05-20,Nao,3,2024-06-03,2024-09-21,7,0,Nao,6,19790,551
A-a1b80b,Company_184,US,HealthTech,organic,Basic,16,2023-11-27,Nao,1,2024-07-11,2024-07-11,16,1,Nao,14,34589,3184
A-139c3b,Company_185,US,HealthTech,organic,Enterprise,10,2024-11-21,Sim,0,,,8,2,Nao,5,6822,490
A-702032,Company_186,US,HealthTech,ads,Pro,28,2023-10-03,Nao,2,2024-04-18,2024-06-14,6,2,Sim,4,7168,532
A-7a0d69,Company_187,DE,DevTools,ads,Enterprise,4,2024-06-15,Sim,3,2024-07-09,2024-12-29,11,0,Nao,8,10362,3184
A-22d9d2,Company_188,FR,DevTools,event,Pro,8,2024-03-22,Nao,1,2024-10-17,2024-10-17,14,3,Sim,11,14336,3184
A-b9eed8,Company_189,US,Cybersecurity,organic,Basic,11,2024-02-23,Nao,1,2024-04-23,2024-04-23,11,0,Nao,11,16577,342
A-dfbd31,Company_190,UK,DevTools,partner,Enterprise,14,2023-12-04,Nao,2,2024-01-01,2024-12-19,14,0,Nao,11,25079,266
A-8e47ca,Company_191,US,HealthTech,organic,Pro,19,2024-02-15,Nao,3,2024-06-01,2024-12-31,9,1,Sim,8,23145,3781
A-4437e4,Company_192,US,Cybersecurity,event,Enterprise,3,2023-09-16,Nao,1,2024-06-21,2024-06-21,16,1,Nao,13,17831,171
A-779e4e,Company_193,US,HealthTech,organic,Basic,5,2023-01-02,Nao,0,,,10,2,Nao,8,19986,1862
A-53f4e3,Company_194,UK,Cybersecurity,event,Enterprise,13,2024-06-14,Nao,1,2024-12-06,2024-12-06,10,1,Nao,9,11092,1421
A-692f18,Company_195,US,EdTech,other,Basic,5,2024-03-28,Sim,1,2024-12-23,2024-12-23,17,1,Sim,13,24978,1990
A-13466a,Company_196,AU,DevTools,event,Basic,2,2023-10-22,Sim,2,2023-11-18,2024-04-18,6,4,Nao,1,171,171
A-1986ca,Company_197,IN,HealthTech,ads,Pro,20,2023-01-30,Nao,0,,,7,0,Nao,6,27661,3980
A-0cc442,Company_198,US,EdTech,organic,Basic,45,2024-07-18,Nao,4,2024-07-20,2024-10-23,13,2,Nao,10,60092,8955
A-c608c8,Company_199,DE,DevTools,ads,Pro,3,2023-04-27,Sim,1,2024-06-04,2024-06-04,8,1,Nao,7,7325,1029
A-3be56b,Company_200,IN,HealthTech,event,Pro,3,2023-10-26,Sim,2,2024-01-10,2024-06-20,12,2,Nao,8,15325,380
A-354f12,Company_201,US,FinTech,ads,Pro,1,2024-04-28,Nao,1,2024-09-19,2024-09-19,4,0,Nao,4,8889,133
A-68f37c,Company_202,US,HealthTech,ads,Basic,4,2023-07-15,Nao,4,2024-02-08,2024-12-18,12,2,Nao,9,31474,796
A-aa9511,Company_203,US,DevTools,other,Pro,23,2023-10-10,Nao,1,2023-10-17,2023-10-17,15,2,Nao,11,55995,5970
A-af0cd2,Company_204,IN,Cybersecurity,other,Enterprise,19,2023-01-03,Nao,1,2023-10-26,2023-10-26,11,2,Nao,8,5529,1083
A-bd4513,Company_205,AU,DevTools,event,Enterprise,50,2024-11-06,Nao,2,2024-12-07,2024-12-09,12,2,Nao,10,48804,950
A-c222ab,Company_206,US,Cybersecurity,other,Pro,32,2024-05-10,Sim,3,2024-06-10,2024-10-05,7,1,Nao,6,18048,1568
A-34d880,Company_207,AU,Cybersecurity,ads,Enterprise,4,2024-04-11,Nao,1,2024-12-20,2024-12-20,9,1,Nao,6,20185,995
A-508199,Company_208,AU,FinTech,event,Basic,19,2024-01-28,Nao,0,,,5,0,Nao,4,8436,3781
A-f03140,Company_209,IN,DevTools,event,Pro,27,2023-11-22,Nao,1,2024-10-03,2024-10-03,10,0,Nao,9,21075,5373
A-410e86,Company_210,US,FinTech,organic,Basic,24,2024-11-10,Nao,0,,,7,2,Nao,4,11184,4776
A-fa2041,Company_211,US,HealthTech,organic,Pro,15,2024-05-29,Nao,1,2024-07-13,2024-07-13,12,0,Nao,9,20915,3582
A-de58ca,Company_212,DE,HealthTech,organic,Enterprise,15,2023-04-13,Nao,0,,,11,2,Nao,7,22277,7164
A-05d3b3,Company_213,AU,DevTools,ads,Basic,9,2023-05-28,Nao,2,2024-03-12,2024-09-09,13,1,Nao,9,12154,3781
A-249769,Company_214,US,Cybersecurity,event,Enterprise,4,2024-04-25,Sim,2,2024-06-12,2024-12-16,13,0,Nao,12,15717,133
A-e43bf7,Company_215,AU,Cybersecurity,other,Pro,44,2023-03-24,Nao,1,2023-06-24,2023-06-24,7,0,Nao,7,46666,8756
A-eb2fdc,Company_216,AU,DevTools,organic,Enterprise,31,2023-11-21,Sim,1,2024-05-26,2024-05-26,12,1,Nao,11,30351,589
A-e1462e,Company_217,UK,FinTech,partner,Basic,15,2023-03-12,Nao,2,2023-10-05,2024-12-05,7,0,Nao,5,12030,285
A-cab532,Company_218,FR,DevTools,organic,Pro,11,2023-04-03,Nao,1,2024-07-10,2024-07-10,15,1,Nao,12,18569,1715
A-9123ac,Company_219,DE,Cybersecurity,organic,Pro,9,2023-06-20,Nao,2,2024-04-05,2024-10-23,7,0,Nao,6,14751,3582
A-6e08f3,Company_220,US,Cybersecurity,event,Basic,8,2023-02-27,Nao,1,2024-02-10,2024-02-10,10,0,Nao,8,18190,247
A-d922bf,Company_221,US,HealthTech,ads,Basic,5,2023-09-08,Sim,1,2024-12-06,2024-12-06,7,1,Nao,3,14129,1791
A-8ed5dd,Company_222,UK,EdTech,event,Enterprise,5,2023-06-29,Sim,2,2024-10-30,2024-11-02,12,1,Nao,11,11861,285
A-7c6b6b,Company_223,US,FinTech,other,Basic,6,2024-11-30,Nao,1,2024-12-09,2024-12-09,7,2,Nao,5,3250,1127
A-3c1a3f,Company_224,UK,DevTools,event,Pro,1,2023-08-26,Nao,0,,,12,2,Nao,7,11192,133
A-b48f73,Company_225,AU,EdTech,event,Pro,80,2024-11-13,Nao,0,,,7,0,Nao,6,28320,3920
A-76fa4d,Company_226,US,HealthTech,event,Pro,69,2024-11-24,Nao,2,2024-11-26,2024-12-03,7,2,Nao,5,47955,3381
A-b2af2e,Company_227,UK,Cybersecurity,event,Enterprise,5,2024-08-24,Nao,1,2024-11-14,2024-11-14,4,0,Nao,4,3112,1026
A-9bfc9f,Company_228,CA,DevTools,ads,Pro,53,2023-09-14,Nao,0,,,9,1,Nao,6,12745,2940
A-4ae22a,Company_229,US,EdTech,other,Pro,6,2024-05-09,Sim,1,2024-07-20,2024-07-20,7,1,Nao,6,3860,532
A-fda07f,Company_230,FR,Cybersecurity,partner,Basic,7,2024-08-11,Nao,1,2024-09-13,2024-09-13,12,0,Nao,10,28418,266
A-de24d5,Company_231,US,DevTools,other,Enterprise,5,2024-11-05,Nao,0,,,13,1,Nao,10,17554,245
A-977ca0,Company_232,IN,HealthTech,partner,Basic,6,2023-02-20,Sim,0,,,16,2,Sim,10,29255,1715
A-ab438f,Company_233,US,Cybersecurity,ads,Enterprise,13,2024-09-13,Sim,1,2024-12-02,2024-12-02,8,3,Nao,3,11144,2587
A-e89151,Company_234,UK,FinTech,organic,Pro,8,2023-09-14,Sim,0,,,9,2,Nao,7,19762,8756
A-40906c,Company_235,US,EdTech,ads,Basic,92,2024-03-27,Nao,0,,,12,0,Nao,10,64400,4508
A-81edc3,Company_236,IN,Cybersecurity,ads,Basic,5,2023-10-30,Nao,3,2024-03-03,2024-12-16,12,0,Nao,11,17524,995
A-328bd0,Company_237,AU,HealthTech,partner,Enterprise,18,2023-05-16,Nao,0,,,13,2,Nao,10,13726,882
A-b3fe05,Company_238,CA,Cybersecurity,partner,Pro,8,2024-05-28,Nao,0,,,9,1,Nao,6,24102,285
A-09540c,Company_239,CA,Cybersecurity,event,Basic,67,2023-10-30,Nao,1,2024-03-05,2024-03-05,6,1,Nao,5,22445,3283
A-e693b6,Company_240,AU,FinTech,event,Enterprise,55,2023-05-25,Sim,1,2024-10-10,2024-10-10,12,2,Nao,7,30415,10945
A-2446e3,Company_241,IN,EdTech,organic,Pro,27,2024-01-10,Nao,2,2024-07-20,2024-07-29,7,0,Nao,6,24138,5373
A-241e75,Company_242,US,EdTech,partner,Enterprise,3,2024-07-03,Nao,2,2024-10-11,2024-12-19,5,0,Nao,5,3594,95
A-922109,Company_243,US,Cybersecurity,ads,Pro,3,2024-01-26,Nao,2,2024-08-03,2024-12-17,13,1,Nao,9,13677,796
A-ff3c73,Company_244,AU,HealthTech,other,Pro,21,2023-01-26,Nao,2,2023-12-09,2024-05-09,9,1,Nao,6,4335,399
A-8b0451,Company_245,UK,FinTech,event,Enterprise,41,2024-09-16,Nao,1,2024-12-29,2024-12-29,10,1,Nao,8,23550,8159
A-331424,Company_246,US,DevTools,organic,Basic,11,2023-11-06,Nao,1,2024-02-21,2024-02-21,6,1,Nao,3,6567,2189
A-51ec1b,Company_247,US,DevTools,ads,Enterprise,7,2023-11-08,Nao,1,2023-12-09,2023-12-09,6,2,Nao,4,8567,3383
A-bcf664,Company_248,US,DevTools,other,Pro,5,2023-05-19,Nao,3,2024-08-08,2024-10-04,13,1,Nao,10,11340,2303
A-90a8c8,Company_249,AU,FinTech,organic,Pro,15,2024-08-24,Nao,1,2024-08-29,2024-08-29,7,0,Nao,6,26514,2985
A-86cdb4,Company_250,DE,DevTools,partner,Basic,2,2024-09-22,Nao,0,,,9,2,Nao,6,3006,323
A-4bfa33,Company_251,US,Cybersecurity,event,Basic,8,2024-12-07,Nao,3,2024-12-08,2024-12-28,7,1,Nao,5,5165,3528
A-dbc825,Company_252,FR,EdTech,partner,Enterprise,19,2024-01-07,Nao,2,2024-01-14,2024-02-03,16,4,Nao,11,25702,361
A-c70870,Company_253,US,Cybersecurity,partner,Basic,31,2024-10-22,Nao,1,2024-12-13,2024-12-13,7,0,Nao,4,39614,33830
A-7c4956,Company_254,US,DevTools,ads,Enterprise,5,2023-05-06,Sim,0,,,8,3,Nao,5,3314,513
A-0651a4,Company_255,FR,HealthTech,organic,Pro,16,2024-10-16,Nao,2,2024-11-22,2024-12-25,15,1,Nao,12,44564,12935
A-3ce5b8,Company_256,IN,FinTech,ads,Basic,8,2023-09-07,Sim,1,2024-09-18,2024-09-18,9,0,Nao,7,16650,152
A-bd4708,Company_257,US,FinTech,ads,Pro,37,2024-07-21,Nao,0,,,13,0,Nao,9,38975,7363
A-993085,Company_258,US,HealthTech,ads,Basic,31,2023-06-01,Nao,2,2023-09-20,2024-01-21,15,1,Sim,13,40098,1617
A-92a3af,Company_259,IN,Cybersecurity,organic,Enterprise,25,2024-07-07,Nao,0,,,11,0,Nao,11,34538,1225
A-151c9a,Company_260,US,FinTech,ads,Enterprise,23,2023-01-27,Nao,1,2023-11-04,2023-11-04,5,0,Nao,5,14250,2548
A-474ad4,Company_261,US,EdTech,organic,Basic,8,2023-11-28,Nao,0,,,15,2,Nao,10,10533,4776
A-4ef964,Company_262,US,HealthTech,organic,Pro,17,2024-03-07,Nao,1,2024-06-19,2024-06-19,9,1,Nao,7,13557,1372
A-fd9422,Company_263,US,Cybersecurity,organic,Pro,58,2024-04-04,Nao,0,,,9,1,Nao,4,27028,2842
A-0baac2,Company_264,DE,FinTech,organic,Enterprise,14,2024-05-30,Sim,4,2024-07-15,2024-12-24,6,2,Nao,4,9943,2786
A-bb1486,Company_265,US,HealthTech,organic,Basic,41,2024-11-05,Nao,2,2024-11-21,2024-11-23,8,1,Nao,7,15528,3283
A-560d27,Company_266,US,DevTools,organic,Pro,23,2024-05-05,Nao,0,,,12,1,Nao,8,37064,437
A-0b0d6d,Company_267,US,DevTools,organic,Pro,3,2024-12-30,Nao,1,2024-12-31,2024-12-31,13,2,Nao,11,30429,147
A-2789e3,Company_268,US,FinTech,partner,Enterprise,11,2024-09-14,Nao,0,,,12,0,Nao,10,24489,539
A-b07346,Company_269,US,HealthTech,partner,Pro,51,2024-10-10,Sim,1,2024-11-12,2024-11-12,5,0,Nao,4,31416,10149
A-902ef7,Company_270,US,HealthTech,other,Enterprise,83,2024-09-03,Sim,1,2024-09-26,2024-09-26,8,0,Nao,6,44322,1577
A-20736a,Company_271,IN,EdTech,organic,Enterprise,50,2024-03-16,Nao,1,2024-03-19,2024-03-19,7,0,Nao,6,40525,9950
A-e4bf56,Company_272,IN,HealthTech,ads,Pro,17,2024-10-28,Sim,0,,,7,1,Nao,6,11563,4378
A-cea1f0,Company_273,US,FinTech,event,Pro,8,2024-04-07,Sim,0,,,10,0,Nao,8,12244,1592
A-ef84cf,Company_274,US,EdTech,partner,Enterprise,8,2024-03-01,Nao,3,2024-08-14,2024-11-20,5,1,Nao,3,7355,152
A-d49cc5,Company_275,FR,Cybersecurity,event,Basic,50,2023-09-19,Nao,1,2024-04-12,2024-04-12,8,0,Nao,8,13325,950
A-67be94,Company_276,US,EdTech,organic,Enterprise,26,2023-04-04,Nao,2,2024-05-28,2024-06-30,7,1,Nao,6,14567,1274
A-4e960a,Company_277,US,FinTech,other,Enterprise,12,2024-01-17,Sim,0,,,12,0,Nao,10,23942,228
A-c37cab,Company_278,UK,Cybersecurity,event,Pro,13,2024-07-29,Nao,2,2024-10-27,2024-11-16,12,2,Nao,8,9931,437
A-533452,Company_279,AU,DevTools,organic,Pro,9,2024-11-12,Nao,4,2024-11-17,2024-12-16,11,1,Nao,9,20223,988
A-443b7c,Company_280,US,Cybersecurity,other,Enterprise,1,2024-09-06,Sim,0,,,16,2,Nao,12,23739,152
A-1f7acb,Company_281,UK,FinTech,ads,Basic,64,2023-08-06,Nao,0,,,8,0,Nao,7,46912,12736
A-f51f16,Company_282,US,HealthTech,partner,Enterprise,1,2023-12-25,Nao,2,2024-07-07,2024-12-07,8,1,Nao,6,13261,38
A-5a3eb9,Company_283,CA,DevTools,other,Enterprise,18,2023-08-20,Nao,3,2024-04-14,2024-06-12,13,1,Sim,12,19411,3582
A-5f2961,Company_284,US,HealthTech,partner,Basic,4,2024-11-22,Nao,1,2024-11-28,2024-11-28,7,0,Nao,7,10299,304
A-417d2f,Company_285,IN,Cybersecurity,partner,Pro,4,2023-07-04,Nao,1,2024-12-30,2024-12-30,16,1,Nao,13,17759,1617
A-e98302,Company_286,US,EdTech,ads,Enterprise,16,2023-12-26,Nao,0,,,6,1,Sim,5,9725,304
A-8bde0c,Company_287,US,DevTools,organic,Basic,12,2024-11-04,Nao,2,2024-11-28,2024-12-30,18,2,Nao,15,32385,2388
A-bcf87c,Company_288,US,FinTech,event,Pro,10,2024-06-27,Sim,0,,,11,2,Nao,8,13611,3383
A-54ecc2,Company_289,US,Cybersecurity,partner,Enterprise,4,2023-06-11,Nao,3,2024-09-12,2024-11-23,11,0,Nao,10,16168,5572
A-625d0b,Company_290,AU,EdTech,ads,Basic,9,2024-09-02,Nao,0,,,11,1,Nao,8,9903,1791
A-fce879,Company_291,UK,EdTech,partner,Pro,10,2024-09-24,Sim,2,2024-10-07,2024-12-03,5,0,Nao,4,6797,399
A-b07b56,Company_292,US,DevTools,event,Pro,25,2024-11-08,Sim,1,2024-12-24,2024-12-24,15,1,Nao,12,16984,1666
A-6da850,Company_293,IN,FinTech,organic,Pro,5,2023-10-07,Nao,3,2024-01-15,2024-10-25,16,3,Sim,9,16534,4975
A-342303,Company_294,US,EdTech,other,Pro,1,2024-03-16,Nao,1,2024-03-20,2024-03-20,3,0,Nao,2,1695,1372
A-e7a1e2,Company_295,US,Cybersecurity,event,Enterprise,3,2024-06-23,Nao,3,2024-09-08,2024-12-11,12,1,Nao,9,19047,8756
A-f1f639,Company_296,US,EdTech,ads,Basic,2,2023-02-26,Nao,2,2023-10-18,2024-04-07,4,0,Nao,4,2919,1791
A-a865bd,Company_297,US,Cybersecurity,organic,Pro,38,2023-09-19,Nao,2,2023-11-26,2024-03-18,5,0,Nao,5,21022,2744
A-4e631b,Company_298,US,FinTech,other,Enterprise,22,2024-03-16,Nao,0,,,11,0,Nao,10,24398,418
A-7f6b86,Company_299,US,HealthTech,partner,Basic,45,2023-08-24,Sim,1,2024-07-10,2024-07-10,9,1,Nao,5,17197,855
A-8adedc,Company_300,US,EdTech,event,Basic,4,2024-02-11,Sim,0,,,14,2,Nao,9,13801,3332
A-2edab2,Company_301,US,HealthTech,event,Enterprise,17,2023-11-17,Nao,2,2023-12-21,2024-06-23,10,1,Nao,9,10557,833
A-149a69,Company_302,US,DevTools,event,Basic,34,2024-10-17,Nao,1,2024-12-04,2024-12-04,3,0,Nao,3,8058,646
A-a6d261,Company_303,CA,FinTech,other,Pro,9,2023-11-29,Nao,1,2024-03-10,2024-03-10,14,1,Nao,12,17694,247
A-443f6f,Company_304,US,Cybersecurity,organic,Basic,19,2024-12-07,Nao,0,,,9,1,Nao,8,12663,361
A-202b67,Company_305,US,HealthTech,organic,Pro,11,2024-03-22,Nao,2,2024-03-30,2024-09-14,9,1,Nao,8,15979,5771
A-00bed1,Company_306,US,Cybersecurity,ads,Basic,28,2023-11-14,Nao,1,2024-01-03,2024-01-03,10,0,Nao,9,33506,5572
A-ffc04f,Company_307,US,EdTech,ads,Pro,13,2024-06-06,Nao,1,2024-08-03,2024-08-03,15,2,Nao,10,17393,247
A-65c341,Company_308,US,FinTech,ads,Pro,11,2023-12-26,Nao,2,2024-03-07,2024-12-16,8,2,Sim,5,22466,2189
A-dcc2f0,Company_309,UK,FinTech,organic,Basic,15,2023-07-22,Nao,1,2024-04-10,2024-04-10,15,1,Nao,12,16758,608
A-ced9aa,Company_310,US,DevTools,other,Enterprise,3,2024-10-05,Nao,0,,,11,2,Nao,9,4697,147
A-3d957b,Company_311,UK,HealthTech,other,Pro,14,2024-04-04,Nao,1,2024-05-05,2024-05-05,6,1,Nao,5,9066,2786
A-89ee83,Company_312,US,Cybersecurity,organic,Pro,1,2024-10-04,Sim,0,,,11,2,Nao,9,20140,3582
A-883b7d,Company_313,IN,Cybersecurity,other,Basic,17,2024-03-28,Nao,0,,,12,1,Nao,9,28515,9950
A-dcc3f1,Company_314,US,HealthTech,event,Pro,21,2023-12-27,Nao,2,2024-07-16,2024-10-10,8,0,Nao,7,12747,399
A-c62e55,Company_315,US,EdTech,partner,Basic,1,2023-02-08,Nao,0,,,9,0,Nao,9,11902,686
A-e4144b,Company_316,UK,EdTech,other,Pro,41,2024-10-22,Nao,0,,,10,0,Nao,6,35424,8159
A-e40f45,Company_317,US,HealthTech,organic,Pro,21,2024-04-18,Nao,1,2024-11-09,2024-11-09,7,1,Sim,5,11426,4179
A-96215d,Company_318,US,FinTech,event,Enterprise,10,2024-08-08,Nao,0,,,6,0,Nao,6,10312,490
A-2b9d3e,Company_319,US,EdTech,partner,Enterprise,1,2023-06-04,Nao,0,,,9,0,Nao,8,5142,398
A-b7724f,Company_320,UK,HealthTech,organic,Basic,1,2023-03-28,Nao,3,2023-08-25,2024-09-01,8,3,Nao,5,2774,551
A-310452,Company_321,FR,DevTools,other,Enterprise,9,2024-12-25,Nao,2,2024-12-25,2024-12-27,5,0,Nao,4,11003,441
A-eb1312,Company_322,US,FinTech,partner,Pro,25,2024-09-16,Nao,2,2024-09-28,2024-10-03,12,1,Nao,11,17672,475
A-df1e44,Company_323,UK,Cybersecurity,organic,Enterprise,12,2024-02-23,Nao,2,2024-10-17,2024-11-20,11,1,Nao,8,10719,588
A-6a7c9d,Company_324,US,Cybersecurity,organic,Enterprise,26,2024-10-24,Sim,2,2024-11-15,2024-11-21,5,1,Nao,4,12135,1274
A-cbd1a3,Company_325,US,DevTools,other,Basic,6,2024-11-25,Sim,0,,,10,0,Nao,9,16351,380
A-a8d89d,Company_326,US,EdTech,ads,Pro,13,2023-12-08,Nao,2,2024-01-18,2024-08-26,12,0,Nao,11,29320,323
A-600734,Company_327,US,DevTools,organic,Pro,29,2023-11-14,Sim,0,,,13,2,Nao,11,16711,1764
A-86fc1d,Company_328,UK,DevTools,partner,Basic,26,2024-07-26,Nao,1,2024-08-12,2024-08-12,9,2,Nao,5,14687,5174
A-78f02b,Company_329,US,HealthTech,event,Enterprise,11,2024-11-17,Nao,2,2024-12-02,2024-12-09,4,0,Nao,4,15081,539
A-acb7f7,Company_330,US,EdTech,ads,Basic,32,2024-01-06,Nao,1,2024-03-21,2024-03-21,12,0,Nao,10,32574,608
A-712f1c,Company_331,US,DevTools,ads,Basic,17,2023-12-16,Sim,1,2024-10-24,2024-10-24,12,1,Nao,10,39616,833
A-3793ee,Company_332,CA,Cybersecurity,organic,Enterprise,49,2023-03-21,Nao,1,2023-06-16,2023-06-16,7,1,Nao,4,24304,9751
A-9a532a,Company_333,US,HealthTech,partner,Enterprise,11,2024-07-06,Nao,0,,,4,0,Nao,3,10945,2189
A-2ebb4b,Company_334,US,HealthTech,ads,Basic,41,2023-05-15,Nao,3,2023-08-04,2024-12-29,10,1,Nao,7,28679,2009
A-6843f2,Company_335,CA,HealthTech,ads,Enterprise,21,2024-12-10,Nao,0,,,9,0,Nao,8,16520,1127
A-c9bb3e,Company_336,US,EdTech,ads,Pro,5,2024-03-24,Nao,2,2024-07-29,2024-10-03,10,1,Nao,8,13502,190
A-4814a3,Company_337,IN,Cybersecurity,event,Basic,87,2024-09-17,Sim,1,2024-11-25,2024-11-25,11,1,Nao,8,70644,4263
A-b7b7b7,Company_338,US,FinTech,event,Basic,24,2024-06-30,Sim,0,,,12,0,Nao,10,28558,1176
A-ccc747,Company_339,FR,HealthTech,event,Pro,16,2024-01-12,Sim,3,2024-04-15,2024-09-02,6,1,Nao,4,3685,304
A-bb3bd4,Company_340,US,HealthTech,ads,Basic,23,2024-01-27,Nao,2,2024-05-30,2024-06-30,7,0,Nao,6,7452,437
A-09316c,Company_341,AU,FinTech,organic,Enterprise,70,2024-09-11,Nao,1,2024-12-05,2024-12-05,11,0,Nao,10,70000,13930
A-96bbc6,Company_342,US,Cybersecurity,organic,Enterprise,39,2024-05-07,Nao,3,2024-06-24,2024-12-21,8,0,Nao,8,30426,741
A-bc4d48,Company_343,US,EdTech,ads,Pro,35,2024-06-12,Nao,0,,,7,0,Nao,6,12390,665
A-b30291,Company_344,US,HealthTech,event,Basic,5,2024-04-05,Sim,1,2024-09-03,2024-09-03,10,1,Nao,7,5375,245
A-cdf020,Company_345,AU,DevTools,organic,Pro,23,2023-08-16,Nao,2,2023-12-08,2024-11-07,8,3,Nao,4,9771,2156
A-e6afc1,Company_346,US,DevTools,ads,Pro,1,2023-02-24,Nao,0,,,11,0,Nao,9,22582,98
A-e3bd71,Company_347,US,Cybersecurity,partner,Basic,31,2023-03-25,Nao,1,2023-12-30,2023-12-30,11,1,Nao,9,35461,1519
A-b179bf,Company_348,IN,Cybersecurity,ads,Basic,43,2024-10-27,Nao,3,2024-10-31,2024-12-05,5,0,Nao,3,17931,8557
A-098560,Company_349,UK,DevTools,ads,Enterprise,1,2023-10-21,Sim,2,2024-05-30,2024-09-04,11,1,Nao,9,11775,796
A-82861f,Company_350,UK,DevTools,organic,Basic,41,2024-04-25,Nao,1,2024-05-17,2024-05-17,10,3,Nao,7,32686,8159
A-94c3cd,Company_351,CA,FinTech,other,Enterprise,32,2023-09-20,Nao,0,,,6,0,Nao,3,9036,6368
A-a33200,Company_352,US,HealthTech,partner,Basic,29,2024-09-15,Nao,1,2024-10-07,2024-10-07,12,1,Nao,11,23142,551
A-034368,Company_353,US,EdTech,event,Enterprise,19,2023-11-05,Nao,1,2024-08-29,2024-08-29,5,0,Nao,4,11194,4577
A-b54c01,Company_354,US,DevTools,event,Enterprise,29,2024-09-29,Nao,1,2024-10-23,2024-10-23,4,0,Nao,3,3393,551
A-d82ef9,Company_355,UK,EdTech,other,Basic,26,2024-07-02,Sim,1,2024-08-06,2024-08-06,14,1,Nao,8,13320,494
A-bb2f49,Company_356,US,Cybersecurity,other,Pro,8,2023-05-28,Nao,0,,,11,1,Nao,10,23990,1372
A-1f559b,Company_357,US,HealthTech,organic,Enterprise,5,2023-09-04,Sim,1,2024-09-28,2024-09-28,10,2,Nao,8,10350,190
A-5a215a,Company_358,FR,EdTech,other,Enterprise,87,2024-01-05,Nao,0,,,18,6,Nao,9,69687,4263
A-3f9cc0,Company_359,US,HealthTech,event,Basic,22,2024-06-03,Nao,3,2024-07-18,2024-12-21,7,0,Nao,6,19940,5970
A-f9cc74,Company_360,FR,DevTools,partner,Enterprise,30,2024-10-12,Nao,0,,,10,1,Nao,5,14550,570
A-ed510f,Company_361,IN,Cybersecurity,partner,Basic,42,2023-01-17,Nao,1,2023-05-05,2023-05-05,10,1,Nao,8,35364,2058
A-5c9849,Company_362,IN,EdTech,partner,Basic,19,2024-11-03,Nao,1,2024-11-13,2024-11-13,9,1,Nao,5,18646,931
A-a7bd4b,Company_363,US,Cybersecurity,ads,Enterprise,5,2023-02-15,Nao,1,2024-10-15,2024-10-15,11,3,Nao,7,5102,342
A-d4ac0e,Company_364,UK,DevTools,ads,Basic,18,2024-04-20,Nao,0,,,19,1,Nao,16,27215,882
A-ffdfd5,Company_365,US,EdTech,organic,Basic,3,2024-04-13,Sim,1,2024-08-08,2024-08-08,10,1,Sim,7,14175,5970
A-0dbdc6,Company_366,DE,Cybersecurity,other,Pro,30,2023-02-12,Sim,2,2023-11-26,2024-04-14,9,0,Nao,8,28273,2303
A-7cfe77,Company_367,US,DevTools,ads,Pro,69,2024-07-10,Nao,2,2024-09-09,2024-12-19,5,0,Nao,5,12765,1311
A-1f0636,Company_368,AU,EdTech,partner,Pro,105,2024-01-01,Nao,0,,,11,1,Nao,8,94710,20895
A-40de06,Company_369,US,Cybersecurity,event,Enterprise,28,2023-05-08,Sim,0,,,16,2,Nao,12,21918,532
A-cb5333,Company_370,US,DevTools,ads,Pro,33,2024-03-26,Nao,1,2024-08-11,2024-08-11,16,1,Nao,12,24639,1617
A-309e54,Company_371,US,DevTools,other,Pro,15,2024-12-09,Nao,1,2024-12-14,2024-12-14,11,1,Nao,7,26932,285
A-6e7827,Company_372,US,DevTools,other,Basic,1,2023-03-26,Nao,2,2023-09-19,2024-04-09,9,1,Nao,8,5894,833
A-50bb9f,Company_373,US,Cybersecurity,organic,Pro,2,2024-07-12,Nao,2,2024-09-08,2024-09-12,8,1,Nao,7,15499,2646
A-5fe118,Company_374,US,Cybersecurity,other,Enterprise,39,2024-11-07,Nao,1,2024-12-16,2024-12-16,5,0,Nao,4,22290,7761
A-5247b3,Company_375,UK,FinTech,partner,Pro,16,2024-03-12,Nao,2,2024-10-12,2024-10-16,11,1,Nao,9,11791,1406
A-f44180,Company_376,UK,Cybersecurity,event,Pro,9,2023-02-13,Nao,1,2023-04-29,2023-04-29,11,2,Nao,6,9286,441
A-c16cf7,Company_377,US,EdTech,event,Pro,13,2024-10-16,Nao,2,2024-11-08,2024-12-07,10,1,Nao,8,7498,665
A-d42431,Company_378,FR,FinTech,ads,Enterprise,22,2024-06-09,Nao,2,2024-06-26,2024-10-12,9,1,Nao,8,20742,4378
A-6965e1,Company_379,US,DevTools,organic,Basic,13,2024-11-25,Nao,3,2024-12-02,2024-12-09,12,0,Nao,11,27765,247
A-0354fe,Company_380,US,Cybersecurity,other,Basic,34,2024-10-22,Nao,2,2024-11-15,2024-11-26,7,1,Nao,4,14824,6766
A-0a62f5,Company_381,UK,FinTech,partner,Pro,16,2024-09-11,Nao,5,2024-09-27,2024-12-27,4,0,Nao,4,4861,475
A-f5641b,Company_382,US,EdTech,other,Pro,31,2024-03-30,Nao,2,2024-04-20,2024-06-17,10,1,Nao,8,32951,8955
A-b44e3e,Company_383,UK,Cybersecurity,ads,Basic,40,2024-02-12,Nao,1,2024-04-14,2024-04-14,7,1,Sim,5,35561,7960
A-3b37d9,Company_384,US,FinTech,event,Enterprise,23,2023-01-27,Nao,2,2023-12-26,2024-10-13,7,1,Nao,4,14858,4577
A-54d94a,Company_385,IN,Cybersecurity,event,Basic,27,2023-05-01,Nao,0,,,11,1,Nao,10,12557,513
A-7f29a7,Company_386,UK,Cybersecurity,event,Basic,41,2024-09-18,Nao,1,2024-10-09,2024-10-09,11,3,Nao,7,9143,779
A-089363,Company_387,AU,FinTech,event,Basic,2,2023-05-06,Nao,1,2023-11-27,2023-11-27,14,2,Nao,7,7373,209
A-524364,Company_388,FR,DevTools,partner,Enterprise,3,2024-12-31,Nao,0,,,6,0,Nao,4,9552,228
A-855a48,Company_389,US,EdTech,partner,Pro,14,2023-12-22,Nao,1,2024-08-01,2024-08-01,8,0,Nao,8,30376,11940
A-756192,Company_390,IN,FinTech,other,Basic,19,2023-06-11,Nao,0,,,10,0,Nao,8,21400,1862
A-49b828,Company_391,IN,FinTech,ads,Pro,6,2023-05-05,Nao,0,,,14,0,Nao,13,31108,3980
A-c7ffc2,Company_392,US,Cybersecurity,partner,Pro,30,2023-01-27,Nao,2,2023-04-15,2023-11-11,12,0,Nao,12,36112,931
A-751c58,Company_393,UK,FinTech,organic,Basic,15,2024-07-18,Nao,3,2024-09-17,2024-12-16,11,0,Nao,9,19597,1349
A-72799b,Company_394,FR,DevTools,event,Enterprise,20,2023-11-13,Sim,1,2024-05-05,2024-05-05,10,1,Nao,7,16935,2989
A-812c5b,Company_395,CA,DevTools,organic,Basic,55,2024-02-25,Sim,1,2024-05-11,2024-05-11,13,0,Nao,9,29884,2695
A-69b156,Company_396,US,EdTech,other,Pro,7,2023-11-21,Sim,0,,,9,2,Sim,6,13798,266
A-075038,Company_397,UK,HealthTech,ads,Basic,17,2023-05-12,Nao,1,2024-09-05,2024-09-05,14,0,Nao,11,18909,798
A-940b8b,Company_398,DE,HealthTech,organic,Basic,1,2024-03-19,Nao,0,,,8,0,Nao,5,9640,833
A-2d1036,Company_399,US,FinTech,ads,Pro,69,2024-06-14,Sim,2,2024-10-19,2024-10-28,13,3,Nao,10,46230,3381
A-0f6450,Company_400,US,FinTech,other,Pro,28,2024-12-27,Sim,2,2024-12-29,2024-12-30,11,0,Nao,10,23800,5572
A-9affe6,Company_401,US,Cybersecurity,other,Pro,7,2023-03-22,Nao,1,2024-01-12,2024-01-12,11,2,Nao,9,10142,1127
A-80eeb6,Company_402,UK,Cybersecurity,organic,Enterprise,22,2023-05-09,Nao,2,2023-10-19,2024-02-09,16,3,Sim,12,58291,418
A-d4e0d4,Company_403,US,FinTech,other,Basic,117,2024-10-18,Nao,0,,,10,1,Nao,9,114777,23283
A-c7e58b,Company_404,IN,HealthTech,other,Pro,3,2023-06-25,Nao,0,,,7,0,Nao,6,5384,304
A-016043,Company_405,CA,EdTech,organic,Basic,4,2024-07-31,Nao,1,2024-08-11,2024-08-11,11,1,Nao,8,11740,2587
A-bbe56f,Company_406,US,HealthTech,ads,Enterprise,21,2023-02-16,Nao,0,,,5,0,Nao,4,6025,418
A-7c5768,Company_407,UK,HealthTech,event,Enterprise,3,2024-03-02,Nao,0,,,9,0,Nao,6,3389,950
A-751bd4,Company_408,UK,Cybersecurity,partner,Pro,10,2024-07-12,Nao,1,2024-09-22,2024-09-22,2,0,Nao,1,190,190
A-4e0e85,Company_409,US,DevTools,organic,Enterprise,6,2023-09-08,Nao,2,2023-11-16,2024-03-14,8,0,Nao,4,4544,294
A-ad3abd,Company_410,US,FinTech,event,Pro,44,2023-03-03,Nao,1,2023-07-12,2023-07-12,7,3,Nao,4,13904,2156
A-e19ff6,Company_411,UK,Cybersecurity,partner,Enterprise,1,2023-07-28,Nao,3,2024-01-08,2024-06-27,12,0,Nao,8,4910,1274
A-7920cc,Company_412,FR,Cybersecurity,ads,Pro,39,2023-11-23,Nao,0,,,16,0,Nao,14,52089,13731
A-5a92e7,Company_413,US,HealthTech,ads,Pro,4,2024-06-11,Nao,2,2024-06-18,2024-11-11,19,2,Nao,13,11666,114
A-fdfc91,Company_414,US,Cybersecurity,ads,Basic,29,2023-05-06,Nao,0,,,10,1,Nao,8,19191,2109
A-1e50e0,Company_415,DE,Cybersecurity,other,Pro,19,2023-02-21,Sim,2,2023-11-01,2024-04-26,5,1,Nao,4,13295,3781
A-1e1b80,Company_416,CA,FinTech,other,Enterprise,50,2023-09-12,Nao,3,2023-10-04,2024-11-13,12,0,Nao,10,48647,950
A-659280,Company_417,IN,FinTech,event,Enterprise,13,2023-11-17,Sim,2,2024-07-23,2024-11-22,12,0,Nao,10,21450,323
A-f6b2fb,Company_418,AU,DevTools,event,Basic,23,2024-04-23,Nao,1,2024-07-11,2024-07-11,10,2,Nao,7,22232,437
A-cb6cc6,Company_419,US,DevTools,ads,Basic,13,2023-04-03,Nao,0,,,7,0,Nao,5,2622,1225
A-d62e02,Company_420,US,Cybersecurity,partner,Pro,6,2024-08-20,Nao,0,,,10,0,Nao,10,21324,1194
A-d535f6,Company_421,US,DevTools,organic,Basic,12,2024-09-03,Sim,2,2024-10-05,2024-11-26,9,0,Nao,6,7415,931
A-39868b,Company_422,AU,FinTech,partner,Pro,9,2024-03-17,Nao,2,2024-05-06,2024-05-24,5,0,Nao,4,4194,441
A-3cc791,Company_423,US,EdTech,other,Enterprise,6,2024-01-10,Nao,1,2024-10-09,2024-10-09,8,0,Nao,6,8522,1764
A-337bc1,Company_424,US,Cybersecurity,organic,Pro,30,2023-07-19,Nao,2,2023-10-21,2023-12-16,7,0,Nao,5,19379,4214
A-58b9ff,Company_425,IN,DevTools,partner,Enterprise,2,2024-05-31,Nao,1,2024-10-10,2024-10-10,13,1,Nao,10,22244,1617
A-bf7919,Company_426,US,HealthTech,organic,Pro,3,2024-11-27,Nao,2,2024-12-06,2024-12-17,6,1,Nao,2,825,228
A-1d5444,Company_427,US,Cybersecurity,partner,Basic,24,2024-01-18,Sim,1,2024-06-01,2024-06-01,14,0,Nao,12,30958,1176
A-0f3e88,Company_428,US,HealthTech,other,Basic,7,2023-07-23,Sim,1,2024-08-11,2024-08-11,11,1,Sim,9,5281,323
A-7641d3,Company_429,US,EdTech,partner,Pro,8,2023-02-16,Sim,2,2023-11-10,2024-06-07,11,0,Nao,9,12060,190
A-cd458b,Company_430,US,DevTools,other,Basic,10,2024-06-15,Nao,1,2024-11-07,2024-11-07,15,1,Nao,14,42740,1990
A-c16b88,Company_431,US,HealthTech,event,Enterprise,23,2023-12-02,Nao,1,2024-06-01,2024-06-01,9,1,Nao,6,20338,4577
A-59f724,Company_432,US,HealthTech,other,Enterprise,3,2023-11-03,Nao,0,,,12,0,Nao,9,9773,342
A-87aa7b,Company_433,US,HealthTech,organic,Pro,24,2024-05-16,Nao,3,2024-06-07,2024-12-26,16,0,Nao,14,22881,2499
A-1e6fc3,Company_434,FR,EdTech,other,Pro,1,2023-12-06,Nao,1,2024-03-20,2024-03-20,4,1,Nao,2,444,199
A-39ddf4,Company_435,US,EdTech,partner,Enterprise,40,2024-12-05,Nao,1,2024-12-13,2024-12-13,9,1,Nao,8,33876,7960
A-34ea2f,Company_436,US,HealthTech,organic,Enterprise,8,2024-08-15,Sim,2,2024-10-05,2024-10-19,12,2,Nao,8,10404,3184
A-716841,Company_437,US,FinTech,other,Pro,45,2024-05-06,Nao,1,2024-11-13,2024-11-13,8,0,Nao,6,26234,8955
A-558c72,Company_438,US,FinTech,organic,Basic,12,2023-06-01,Nao,1,2024-11-28,2024-11-28,7,1,Nao,6,6783,735
A-b11cd0,Company_439,US,DevTools,ads,Pro,26,2023-01-20,Sim,0,,,6,2,Nao,3,4312,1274
A-cc1d8d,Company_440,US,FinTech,other,Pro,5,2024-12-08,Nao,2,2024-12-17,2024-12-19,13,0,Nao,10,8947,1194
A-7f4db3,Company_441,US,FinTech,other,Pro,4,2023-03-05,Nao,1,2023-03-21,2023-03-21,15,3,Sim,9,21304,3582
A-db5e9e,Company_442,US,DevTools,partner,Basic,4,2024-11-09,Nao,1,2024-12-29,2024-12-29,8,1,Sim,5,5868,588
A-cc102e,Company_443,US,HealthTech,partner,Enterprise,13,2024-04-15,Nao,3,2024-04-25,2024-11-19,10,1,Nao,8,8005,247
A-82d8a6,Company_444,UK,Cybersecurity,ads,Basic,5,2024-11-28,Nao,1,2024-12-29,2024-12-29,17,4,Sim,11,27626,245
A-dec005,Company_445,US,HealthTech,partner,Pro,21,2023-10-13,Nao,1,2024-11-23,2024-11-23,10,1,Sim,7,19998,399
A-5790f4,Company_446,UK,FinTech,event,Pro,1,2024-12-22,Nao,3,2024-12-25,2024-12-31,6,1,Nao,4,17334,627
A-7c83a1,Company_447,US,Cybersecurity,partner,Pro,12,2024-05-06,Nao,1,2024-05-19,2024-05-19,12,3,Nao,7,10741,1176
A-297a2d,Company_448,UK,HealthTech,event,Pro,27,2023-05-05,Nao,0,,,5,0,Nao,4,14373,5373
A-4c56c9,Company_449,US,FinTech,partner,Enterprise,9,2023-12-20,Sim,1,2024-04-05,2024-04-05,13,3,Nao,8,16256,342
A-cbbe12,Company_450,DE,Cybersecurity,partner,Enterprise,40,2023-03-22,Nao,0,,,6,2,Nao,3,12321,7960
A-4a267b,Company_451,US,FinTech,other,Pro,25,2024-05-05,Nao,1,2024-06-17,2024-06-17,10,2,Nao,6,22458,1225
A-bcbe98,Company_452,US,Cybersecurity,other,Enterprise,46,2024-07-29,Nao,1,2024-11-25,2024-11-25,11,0,Nao,9,21666,874
A-427b69,Company_453,US,FinTech,other,Basic,17,2024-08-23,Nao,0,,,10,1,Nao,7,18194,323
A-0be015,Company_454,US,FinTech,event,Pro,19,2024-10-15,Nao,1,2024-12-13,2024-12-13,5,1,Nao,2,817,456
A-054577,Company_455,UK,EdTech,ads,Basic,2,2024-04-28,Nao,0,,,16,1,Nao,14,44145,392
A-bc87bc,Company_456,US,FinTech,event,Pro,3,2024-07-17,Nao,0,,,8,2,Nao,6,11690,152
A-0f7d77,Company_457,IN,FinTech,partner,Pro,3,2024-10-28,Nao,1,2024-11-09,2024-11-09,6,1,Nao,5,2326,133
A-e7beab,Company_458,DE,EdTech,organic,Enterprise,5,2023-10-20,Nao,1,2024-04-25,2024-04-25,7,3,Sim,3,5913,931
A-a09355,Company_459,US,FinTech,organic,Basic,14,2024-08-10,Nao,2,2024-09-13,2024-10-18,16,1,Nao,14,33454,686
A-31ab9a,Company_460,DE,FinTech,organic,Pro,3,2024-03-03,Nao,2,2024-08-09,2024-09-23,7,0,Nao,6,15802,2786
A-0158bb,Company_461,DE,FinTech,partner,Basic,5,2024-05-22,Nao,0,,,6,0,Nao,4,4070,2205
A-f19b24,Company_462,US,Cybersecurity,organic,Pro,29,2023-01-10,Nao,0,,,3,0,Nao,3,2523,551
A-798a3f,Company_463,FR,DevTools,other,Enterprise,12,2023-10-19,Sim,1,2024-07-19,2024-07-19,9,2,Nao,6,13563,2587
A-42b791,Company_464,AU,FinTech,event,Pro,3,2024-05-20,Nao,0,,,7,1,Nao,6,18547,380
A-068fc6,Company_465,US,EdTech,event,Enterprise,35,2023-07-17,Nao,0,,,10,1,Sim,8,22120,1715
A-6f50ae,Company_466,US,FinTech,partner,Pro,19,2023-09-21,Sim,2,2023-11-06,2024-02-26,14,0,Nao,12,26608,3781
A-a2485e,Company_467,US,FinTech,event,Pro,3,2024-08-04,Nao,0,,,6,0,Nao,6,8775,3383
A-bb1eaa,Company_468,US,Cybersecurity,organic,Basic,21,2024-06-11,Nao,1,2024-08-15,2024-08-15,5,0,Nao,5,10381,1225
A-cc98bc,Company_469,US,DevTools,ads,Basic,32,2023-05-24,Nao,0,,,10,1,Nao,7,19999,2646
A-d77f4c,Company_470,US,DevTools,partner,Pro,4,2023-09-25,Nao,3,2024-08-06,2024-12-03,14,2,Sim,11,48378,5771
A-ccabf0,Company_471,IN,HealthTech,organic,Pro,1,2023-11-06,Nao,2,2024-05-05,2024-10-31,10,2,Sim,8,22281,199
A-700ade,Company_472,UK,Cybersecurity,organic,Enterprise,1,2024-10-31,Nao,0,,,8,2,Nao,6,13859,950
A-4a4c2d,Company_473,US,DevTools,event,Enterprise,54,2023-05-02,Nao,0,,,13,1,Nao,10,32940,2646
A-b7ef83,Company_474,UK,Cybersecurity,partner,Pro,1,2024-05-29,Nao,2,2024-06-01,2024-07-24,15,1,Nao,14,26913,588
A-e08cd3,Company_475,US,FinTech,ads,Pro,67,2024-09-21,Nao,2,2024-09-21,2024-12-17,11,1,Nao,9,67737,1273
A-19b2c8,Company_476,IN,DevTools,other,Pro,20,2023-06-06,Nao,1,2024-08-16,2024-08-16,13,0,Nao,12,26703,3980
A-970c97,Company_477,DE,HealthTech,other,Enterprise,14,2024-03-01,Nao,0,,,8,1,Nao,7,14868,931
A-6dee43,Company_478,UK,FinTech,other,Basic,3,2023-08-12,Nao,1,2024-01-14,2024-01-14,11,1,Nao,8,20075,437
A-5ed98d,Company_479,US,DevTools,partner,Basic,24,2024-06-22,Nao,2,2024-09-27,2024-10-02,8,0,Nao,7,15478,1026
A-c58f49,Company_480,US,EdTech,other,Enterprise,70,2024-07-31,Nao,3,2024-08-27,2024-09-21,7,0,Nao,6,70980,13930
A-9c18c4,Company_481,US,HealthTech,ads,Pro,11,2023-07-27,Sim,0,,,10,2,Nao,7,13814,2189
A-cc8c8f,Company_482,US,DevTools,ads,Enterprise,23,2024-06-16,Nao,1,2024-09-12,2024-09-12,7,1,Nao,5,15600,4577
A-5f7781,Company_483,US,DevTools,other,Pro,22,2024-08-20,Nao,1,2024-12-25,2024-12-25,5,0,Nao,4,10252,1078
A-e1b9cd,Company_484,US,DevTools,event,Pro,40,2023-02-26,Sim,1,2024-10-01,2024-10-01,15,3,Nao,11,26362,1960
A-ac85cd,Company_485,US,EdTech,partner,Enterprise,53,2024-07-31,Nao,2,2024-10-20,2024-12-13,12,3,Nao,9,37663,4165
A-d792a6,Company_486,US,DevTools,organic,Enterprise,4,2023-01-23,Nao,2,2023-09-11,2024-08-13,15,1,Nao,10,22954,12935
A-ac9111,Company_487,US,HealthTech,event,Pro,21,2023-08-12,Nao,1,2024-06-25,2024-06-25,16,2,Nao,12,25828,4179
A-18793f,Company_488,US,EdTech,organic,Basic,148,2024-12-18,Nao,1,2024-12-30,2024-12-30,11,1,Nao,8,75776,7252
A-9f0b68,Company_489,US,EdTech,ads,Basic,10,2024-04-28,Nao,2,2024-08-10,2024-11-01,12,0,Nao,11,28518,266
A-d3c88e,Company_490,US,DevTools,event,Pro,16,2024-10-18,Nao,1,2024-11-18,2024-11-18,13,0,Nao,11,26183,3184
A-ccb686,Company_491,US,DevTools,other,Basic,10,2024-01-22,Nao,3,2024-06-22,2024-11-24,12,1,Nao,9,21351,209
A-118f1c,Company_492,US,Cybersecurity,other,Pro,32,2024-10-31,Nao,1,2024-12-17,2024-12-17,8,2,Nao,5,26080,6368
A-0e966d,Company_493,IN,FinTech,ads,Basic,11,2024-06-25,Sim,0,,,11,1,Sim,9,12236,2189
A-b9f5b1,Company_494,US,Cybersecurity,other,Pro,15,2023-01-24,Nao,1,2023-07-21,2023-07-21,7,1,Nao,4,7072,2985
A-8ae3fc,Company_495,CA,DevTools,ads,Pro,9,2024-06-28,Nao,1,2024-08-10,2024-08-10,8,0,Nao,7,4447,380
A-55f257,Company_496,US,FinTech,organic,Basic,9,2023-12-21,Nao,0,,,10,0,Nao,7,12137,4179
A-d26ab4,Company_497,UK,DevTools,organic,Basic,9,2024-11-07,Sim,1,2024-12-26,2024-12-26,9,1,Nao,4,15731,6567
A-712533,Company_498,US,EdTech,organic,Pro,18,2023-07-31,Nao,1,2024-07-18,2024-07-18,12,0,Nao,10,19382,882
A-781cc0,Company_499,US,EdTech,organic,Pro,12,2024-09-04,Nao,2,2024-10-12,2024-12-09,16,2,Nao,11,14555,228
