account_id,account_name,country,industry,referral_source,mrr_perdido_total,pct_do_total
A-5a215a,Company_358,FR,EdTech,other,60465,5.13
A-118f1c,Company_492,US,Cybersecurity,other,26080,2.21
A-ce550d,Company_4,US,HealthTech,event,23406,1.99
A-d4e0d4,Company_403,US,FinTech,other,23283,1.97
A-eb7c38,Company_47,AU,DevTools,organic,21066,1.79
A-a6d261,Company_303,CA,FinTech,other,20497,1.74
A-f44180,Company_376,UK,Cybersecurity,event,19502,1.65
A-c37cab,Company_278,UK,Cybersecurity,event,19502,1.65
A-d27f50,Company_163,UK,Cybersecurity,ads,19144,1.62
A-faa28c,Company_91,US,HealthTech,organic,19104,1.62
A-2d1036,Company_399,US,FinTech,ads,18423,1.56
A-66224b,Company_87,US,HealthTech,other,18308,1.55
A-5c9849,Company_362,IN,EdTech,partner,18109,1.54
A-4814a3,Company_337,IN,Cybersecurity,event,17313,1.47
A-8ae05d,Company_147,IN,FinTech,other,17114,1.45
A-dbc825,Company_252,FR,EdTech,partner,16702,1.42
A-4e44e8,Company_22,US,DevTools,ads,15914,1.35
A-8adedc,Company_300,US,EdTech,event,14527,1.23
A-65aeb5,Company_120,US,DevTools,partner,14499,1.23
A-4c56c9,Company_449,US,FinTech,partner,14215,1.21
A-089363,Company_387,AU,FinTech,event,13731,1.16
A-76fa4d,Company_226,US,HealthTech,event,13731,1.16
A-13466a,Company_196,AU,DevTools,event,13172,1.12
A-180abf,Company_122,US,DevTools,event,12736,1.08
A-9badbd,Company_63,DE,Cybersecurity,ads,12178,1.03
A-82861f,Company_350,UK,DevTools,organic,10947,0.93
A-fabe19,Company_97,UK,DevTools,ads,10945,0.93
A-dec005,Company_445,US,HealthTech,partner,10746,0.91
A-e1b9cd,Company_484,US,DevTools,event,10680,0.91
A-80eeb6,Company_402,UK,Cybersecurity,organic,10198,0.86
A-adc1f3,Company_98,US,Cybersecurity,organic,9950,0.84
A-7f29a7,Company_386,UK,Cybersecurity,event,9717,0.82
A-39b19f,Company_176,US,FinTech,partner,9335,0.79
A-b7ef83,Company_474,UK,Cybersecurity,partner,8955,0.76
A-0baac2,Company_264,DE,FinTech,organic,8557,0.73
A-7d514c,Company_119,DE,HealthTech,organic,8557,0.73
A-526d93,Company_66,FR,HealthTech,organic,8557,0.73
A-993085,Company_258,US,HealthTech,ads,8358,0.71
A-9f9299,Company_133,US,FinTech,organic,8316,0.71
A-cdf020,Company_345,AU,DevTools,organic,8301,0.7
A-bcf87c,Company_288,US,FinTech,event,8159,0.69
A-8b0451,Company_245,UK,FinTech,event,8159,0.69
A-779e4e,Company_193,US,HealthTech,organic,8095,0.69
A-65c341,Company_308,US,FinTech,ads,8080,0.69
A-b44e3e,Company_383,UK,Cybersecurity,ads,7960,0.68
A-ac14bb,Company_15,US,FinTech,partner,7364,0.62
A-e4bf56,Company_272,IN,HealthTech,ads,7363,0.62
A-67be94,Company_276,US,EdTech,organic,7363,0.62
A-9174e0,Company_73,US,Cybersecurity,partner,7363,0.62
A-4a267b,Company_451,US,FinTech,other,7229,0.61
A-068fc6,Company_465,US,EdTech,event,6965,0.59
A-40de06,Company_369,US,Cybersecurity,event,6944,0.59
A-425e76,Company_110,UK,DevTools,other,6368,0.54
A-e3bd71,Company_347,US,Cybersecurity,partner,6169,0.52
A-f5641b,Company_382,US,EdTech,other,6169,0.52
A-104f1a,Company_89,US,Cybersecurity,other,6027,0.51
A-7c83a1,Company_447,US,Cybersecurity,partner,5990,0.51
A-118d55,Company_65,US,Cybersecurity,organic,5771,0.49
A-a33200,Company_352,US,HealthTech,partner,5771,0.49
A-592832,Company_10,US,Cybersecurity,organic,5738,0.49
A-692f18,Company_195,US,EdTech,other,5572,0.47
A-4ae22a,Company_229,US,EdTech,other,5572,0.47
A-484819,Company_109,US,HealthTech,organic,5516,0.47
A-e7beab,Company_458,DE,EdTech,organic,5419,0.46
A-ab438f,Company_233,US,Cybersecurity,ads,5214,0.44
A-417d2f,Company_285,IN,Cybersecurity,partner,5174,0.44
A-c45b23,Company_75,UK,FinTech,partner,5174,0.44
A-c1e51e,Company_173,US,FinTech,organic,5133,0.44
A-157070,Company_85,US,FinTech,ads,5111,0.43
A-69fad4,Company_103,UK,FinTech,ads,5043,0.43
A-0a282f,Company_2,US,DevTools,organic,4975,0.42
A-039727,Company_107,AU,EdTech,organic,4975,0.42
A-8e47ca,Company_191,US,HealthTech,organic,4975,0.42
A-aa9511,Company_203,US,DevTools,other,4975,0.42
A-8145a0,Company_33,AU,Cybersecurity,partner,4975,0.42
A-7f4db3,Company_441,US,FinTech,other,4972,0.42
A-410e86,Company_210,US,FinTech,organic,4776,0.41
A-c16cf7,Company_377,US,EdTech,event,4776,0.41
A-016043,Company_405,CA,EdTech,organic,4776,0.41
A-89ee83,Company_312,US,Cybersecurity,organic,4767,0.4
A-462d45,Company_13,US,Cybersecurity,partner,4680,0.4
A-f19409,Company_105,US,DevTools,other,4577,0.39
A-560d27,Company_266,US,DevTools,organic,4577,0.39
A-3b37d9,Company_384,US,FinTech,event,4577,0.39
A-ff79f2,Company_165,US,DevTools,ads,4465,0.38
A-22d9d2,Company_188,FR,DevTools,event,4410,0.37
A-34ea2f,Company_436,US,HealthTech,organic,4179,0.35
A-2e3bad,Company_108,CA,FinTech,other,4148,0.35
A-9c18c4,Company_481,US,HealthTech,ads,4009,0.34
A-53f4e3,Company_194,UK,Cybersecurity,event,3980,0.34
A-42e5e1,Company_118,US,DevTools,ads,3980,0.34
A-ae052e,Company_132,CA,FinTech,other,3871,0.33
A-de24d5,Company_231,US,DevTools,other,3773,0.32
A-781cc0,Company_499,US,EdTech,organic,3760,0.32
A-e693b6,Company_240,AU,FinTech,event,3740,0.32
A-3c1a3f,Company_224,UK,DevTools,event,3717,0.32
A-ac85cd,Company_485,US,EdTech,partner,3604,0.31
A-afa505,Company_157,US,DevTools,partner,3430,0.29
A-bd4513,Company_205,AU,DevTools,event,3400,0.29
A-712f1c,Company_331,US,DevTools,ads,3383,0.29
A-db5e9e,Company_442,US,DevTools,partner,3383,0.29
A-10b8da,Company_9,US,DevTools,partner,3383,0.29
A-e08cd3,Company_475,US,FinTech,ads,3283,0.28
A-e888d1,Company_102,US,Cybersecurity,other,3184,0.27
A-40a557,Company_86,AU,Cybersecurity,partner,3184,0.27
A-019782,Company_142,FR,DevTools,event,3184,0.27
A-0b0d6d,Company_267,US,DevTools,organic,3062,0.26
A-7da956,Company_141,US,Cybersecurity,event,3033,0.26
A-700ade,Company_472,UK,Cybersecurity,organic,3016,0.26
A-3a7284,Company_93,US,FinTech,organic,3004,0.25
A-ad3abd,Company_410,US,FinTech,event,2992,0.25
A-d922bf,Company_221,US,HealthTech,ads,2985,0.25
A-c37601,Company_48,US,EdTech,partner,2985,0.25
A-fd7ad3,Company_100,US,Cybersecurity,event,2927,0.25
A-432483,Company_78,US,Cybersecurity,ads,2872,0.24
A-e98302,Company_286,US,EdTech,ads,2842,0.24
A-18793f,Company_488,US,EdTech,organic,2812,0.24
A-9077b0,Company_41,US,HealthTech,ads,2786,0.24
A-3d957b,Company_311,UK,HealthTech,other,2786,0.24
A-6dee43,Company_478,UK,FinTech,other,2695,0.23
A-ffc04f,Company_307,US,EdTech,ads,2646,0.22
A-9bfc9f,Company_228,CA,DevTools,ads,2597,0.22
A-7df7a7,Company_125,US,DevTools,organic,2587,0.22
A-f446b6,Company_36,DE,DevTools,ads,2587,0.22
A-712426,Company_155,US,HealthTech,other,2526,0.21
A-51ec1b,Company_247,US,DevTools,ads,2520,0.21
A-6e7827,Company_372,US,DevTools,other,2450,0.21
A-4c38bc,Company_55,UK,HealthTech,event,2448,0.21
A-3793ee,Company_332,CA,Cybersecurity,organic,2401,0.2
A-bcf664,Company_248,US,DevTools,other,2388,0.2
A-df1e44,Company_323,UK,Cybersecurity,organic,2388,0.2
A-558c72,Company_438,US,FinTech,organic,2388,0.2
A-f45426,Company_172,US,HealthTech,organic,2330,0.2
A-328bd0,Company_237,AU,HealthTech,partner,2253,0.19
A-7f6b86,Company_299,US,HealthTech,partner,2205,0.19
A-139c3b,Company_185,US,HealthTech,organic,2205,0.19
A-117171,Company_135,FR,HealthTech,organic,2205,0.19
A-202b67,Company_305,US,HealthTech,organic,2189,0.19
A-c608c8,Company_199,DE,DevTools,ads,2189,0.19
A-02cd81,Company_76,IN,HealthTech,other,2156,0.18
A-cc102e,Company_443,US,HealthTech,partner,2058,0.17
A-6da850,Company_293,IN,FinTech,organic,2025,0.17
A-883b7d,Company_313,IN,Cybersecurity,other,2009,0.17
A-2ebb4b,Company_334,US,HealthTech,ads,2009,0.17
A-94d3da,Company_61,US,HealthTech,other,2009,0.17
A-625d0b,Company_290,AU,EdTech,ads,1990,0.17
A-e89151,Company_234,UK,FinTech,organic,1972,0.17
A-39ddf4,Company_435,US,EdTech,partner,1960,0.17
A-e36807,Company_164,AU,EdTech,other,1862,0.16
A-0cc442,Company_198,US,EdTech,organic,1843,0.16
A-8bde0c,Company_287,US,DevTools,organic,1813,0.15
A-fe79a5,Company_81,IN,HealthTech,ads,1791,0.15
A-427b69,Company_453,US,FinTech,other,1764,0.15
A-50bb9f,Company_373,US,Cybersecurity,organic,1764,0.15
A-3be56b,Company_200,IN,HealthTech,event,1715,0.15
A-c9bb3e,Company_336,US,EdTech,ads,1715,0.15
A-17939a,Company_162,US,HealthTech,organic,1634,0.14
A-de58ca,Company_212,DE,HealthTech,organic,1628,0.14
A-eb2fdc,Company_216,AU,DevTools,organic,1617,0.14
A-cb5333,Company_370,US,DevTools,ads,1617,0.14
A-309e54,Company_371,US,DevTools,other,1617,0.14
A-474ad4,Company_261,US,EdTech,organic,1592,0.14
A-5790f4,Company_446,UK,FinTech,event,1592,0.14
A-378b99,Company_60,UK,EdTech,ads,1592,0.14
A-cc98bc,Company_469,US,DevTools,ads,1568,0.13
A-7c6b6b,Company_223,US,FinTech,other,1568,0.13
A-ced9aa,Company_310,US,DevTools,other,1555,0.13
A-cab532,Company_218,FR,DevTools,organic,1519,0.13
A-c43359,Company_83,US,FinTech,organic,1444,0.12
A-fdfc91,Company_414,US,Cybersecurity,ads,1421,0.12
A-600734,Company_327,US,DevTools,organic,1421,0.12
A-1f559b,Company_357,US,HealthTech,organic,1406,0.12
A-5b1bcd,Company_166,US,DevTools,organic,1387,0.12
A-32fb14,Company_25,US,DevTools,event,1387,0.12
A-702032,Company_186,US,HealthTech,ads,1372,0.12
A-029f69,Company_129,CA,Cybersecurity,event,1314,0.11
A-2f6a32,Company_160,US,HealthTech,organic,1292,0.11
A-09540c,Company_239,CA,Cybersecurity,event,1273,0.11
A-f17767,Company_123,US,DevTools,event,1225,0.1
A-a7bd4b,Company_363,US,Cybersecurity,ads,1166,0.1
A-158f4e,Company_180,IN,FinTech,other,1159,0.1
A-f6b2fb,Company_418,AU,DevTools,event,1127,0.1
A-ccc747,Company_339,FR,HealthTech,event,1127,0.1
A-fd9422,Company_263,US,Cybersecurity,organic,1102,0.09
A-8b25f2,Company_96,US,Cybersecurity,ads,1083,0.09
A-4a4c2d,Company_473,US,DevTools,event,1026,0.09
A-f9cc74,Company_360,FR,DevTools,partner,1007,0.09
A-d82ef9,Company_355,UK,EdTech,other,1007,0.09
A-5a92e7,Company_413,US,HealthTech,ads,1005,0.09
A-e7a1e2,Company_295,US,Cybersecurity,event,995,0.08
A-684255,Company_20,US,FinTech,ads,980,0.08
A-bbc346,Company_138,US,FinTech,partner,980,0.08
A-af0cd2,Company_204,IN,Cybersecurity,other,931,0.08
A-35083d,Company_27,IN,HealthTech,partner,931,0.08
A-4f18f0,Company_145,CA,DevTools,other,931,0.08
A-443f6f,Company_304,US,Cybersecurity,organic,931,0.08
A-6a7c9d,Company_324,US,Cybersecurity,organic,893,0.08
A-5a3eb9,Company_283,CA,DevTools,other,882,0.07
A-d26ab4,Company_497,UK,DevTools,organic,882,0.07
A-6f8ad2,Company_57,IN,EdTech,organic,882,0.07
A-6a4e2d,Company_46,UK,EdTech,partner,857,0.07
A-2edab2,Company_301,US,HealthTech,event,833,0.07
A-977ca0,Company_232,IN,HealthTech,partner,800,0.07
A-ac9111,Company_487,US,HealthTech,event,798,0.07
A-ed510f,Company_361,IN,Cybersecurity,partner,798,0.07
A-68f37c,Company_202,US,HealthTech,ads,796,0.07
A-45ce7a,Company_31,US,FinTech,ads,784,0.07
A-34d880,Company_207,AU,Cybersecurity,ads,779,0.07
A-bb1486,Company_265,US,HealthTech,organic,779,0.07
A-cbbe12,Company_450,DE,Cybersecurity,partner,760,0.06
A-bf7919,Company_426,US,HealthTech,organic,735,0.06
A-2922b6,Company_70,US,HealthTech,organic,735,0.06
A-dcc2f0,Company_309,UK,FinTech,organic,735,0.06
A-e60f9d,Company_178,US,FinTech,other,722,0.06
A-ad296b,Company_112,AU,DevTools,event,722,0.06
A-4ef964,Company_262,US,HealthTech,organic,722,0.06
A-6c093d,Company_12,US,DevTools,partner,686,0.06
A-a09355,Company_459,US,FinTech,organic,686,0.06
A-5a184f,Company_124,DE,DevTools,other,684,0.06
A-e5d6ab,Company_7,US,EdTech,partner,665,0.06
A-0354fe,Company_380,US,Cybersecurity,other,646,0.05
A-e351e1,Company_62,US,EdTech,other,627,0.05
A-7988d1,Company_90,US,Cybersecurity,other,627,0.05
A-c222ab,Company_206,US,Cybersecurity,other,608,0.05
A-798a3f,Company_463,FR,DevTools,other,589,0.05
A-0aaf6e,Company_114,US,FinTech,organic,588,0.05
A-ad64c6,Company_175,UK,DevTools,event,588,0.05
A-cd458b,Company_430,US,DevTools,other,551,0.05
A-098560,Company_349,UK,DevTools,ads,551,0.05
A-86cdb4,Company_250,DE,DevTools,partner,545,0.05
A-726cfa,Company_82,US,DevTools,partner,539,0.05
A-c42f1f,Company_21,US,HealthTech,other,539,0.05
A-42b791,Company_464,AU,FinTech,event,513,0.04
A-970c97,Company_477,DE,HealthTech,other,513,0.04
A-69b156,Company_396,US,EdTech,other,495,0.04
A-b11cd0,Company_439,US,DevTools,ads,494,0.04
A-9affe6,Company_401,US,Cybersecurity,other,494,0.04
A-86fc1d,Company_328,UK,DevTools,partner,494,0.04
A-c1dfe1,Company_53,DE,DevTools,ads,494,0.04
A-eb1312,Company_322,US,FinTech,partner,475,0.04
A-05d3b3,Company_213,AU,DevTools,ads,456,0.04
A-054577,Company_455,UK,EdTech,ads,456,0.04
A-b7724f,Company_320,UK,HealthTech,organic,448,0.04
A-533452,Company_279,AU,DevTools,organic,441,0.04
A-4bfa33,Company_251,US,Cybersecurity,event,441,0.04
A-922109,Company_243,US,Cybersecurity,ads,441,0.04
A-d42431,Company_378,FR,FinTech,ads,418,0.04
A-5b051a,Company_181,US,Cybersecurity,event,418,0.04
A-5b4ebb,Company_69,UK,Cybersecurity,other,399,0.03
A-e40f45,Company_317,US,HealthTech,organic,399,0.03
A-58b9ff,Company_425,IN,DevTools,partner,398,0.03
A-b3fe05,Company_238,CA,Cybersecurity,partner,392,0.03
A-854864,Company_38,IN,FinTech,event,380,0.03
A-32728c,Company_54,US,DevTools,event,380,0.03
A-186a44,Company_101,US,HealthTech,ads,380,0.03
A-72799b,Company_394,FR,DevTools,event,380,0.03
A-0be015,Company_454,US,FinTech,event,361,0.03
A-d77f4c,Company_470,US,DevTools,partner,348,0.03
A-eb7fac,Company_28,US,DevTools,organic,343,0.03
A-0f3e88,Company_428,US,HealthTech,other,343,0.03
A-d4ac0e,Company_364,UK,DevTools,ads,342,0.03
A-bc87bc,Company_456,US,FinTech,event,342,0.03
A-84ebe4,Company_68,US,FinTech,ads,342,0.03
A-82d8a6,Company_444,UK,Cybersecurity,ads,340,0.03
A-443b7c,Company_280,US,Cybersecurity,other,323,0.03
A-96e141,Company_134,UK,DevTools,partner,285,0.02
A-1b7577,Company_39,US,Cybersecurity,other,266,0.02
A-df10db,Company_143,US,DevTools,other,266,0.02
A-2bc93d,Company_43,US,HealthTech,event,266,0.02
A-a1bbb6,Company_74,CA,DevTools,organic,245,0.02
A-9b9fe9,Company_71,AU,EdTech,other,245,0.02
A-9289f6,Company_104,US,EdTech,event,228,0.02
A-0e966d,Company_493,IN,FinTech,ads,209,0.02
A-331424,Company_246,US,DevTools,organic,209,0.02
A-1b9609,Company_5,IN,EdTech,ads,196,0.02
A-ccb686,Company_491,US,DevTools,other,190,0.02
A-9ee962,Company_59,US,HealthTech,ads,171,0.01
A-ef84cf,Company_274,US,EdTech,partner,152,0.01
A-1b707d,Company_56,US,Cybersecurity,organic,152,0.01
A-a45270,Company_37,US,HealthTech,ads,147,0.01
A-ffdfd5,Company_365,US,EdTech,organic,147,0.01
A-9208f0,Company_79,US,EdTech,organic,98,0.01
A-ccabf0,Company_471,IN,HealthTech,organic,98,0.01
A-d792a6,Company_486,US,DevTools,organic,95,0.01
A-7c4956,Company_254,US,DevTools,ads,95,0.01
A-8ed5dd,Company_222,UK,EdTech,event,95,0.01
A-f51f16,Company_282,US,HealthTech,partner,49,0.0
A-f3ff05,Company_44,IN,FinTech,other,38,0.0
