prioridade,account_id,account_name,country,industry,referral_source,plano_assinatura_mais_recente,billing_frequency,auto_renew,signup_date,idade_meses,faixa_idade,assinaturas_pagas_ativas,mrr_ativo,taxa_historica_mrr_perdido_90d_da_faixa_pct,mrr_em_risco_90d_estimado,eventos_churn_historico,ultimo_churn_date,tickets_90d,tickets_escalados_90d,tickets_sem_nota_90d,uso_90d_anteriores,uso_ultimos_90d,var_uso_pct,pct_erros_por_uso_90d,upgrades_90d,downgrades_90d
1,A-d4e0d4,Company_403,US,FinTech,other,Enterprise,annual,True,2024-10-18,2.4,0-3 meses,9,114777,4.2,4821,0,,0,0,0,68,13,-80.9,7.69,1,1
2,A-1f0636,Company_368,AU,EdTech,partner,Enterprise,annual,False,2024-01-01,12.0,6-12 meses,8,94710,4.2,3978,0,,0,0,0,61,118,93.4,7.63,0,0
3,A-30b4ca,Company_23,IN,EdTech,organic,Basic,annual,True,2024-05-20,7.4,6-12 meses,7,75938,4.2,3189,1,2024-09-01,0,0,0,78,32,-59.0,0.0,0,0
4,A-18793f,Company_488,US,EdTech,organic,Pro,monthly,True,2024-12-18,0.4,0-3 meses,8,75776,4.2,3183,1,2024-12-30,0,0,0,65,35,-46.2,0.0,1,0
5,A-5b1bcd,Company_166,US,DevTools,organic,Pro,annual,False,2023-09-16,15.5,12+ meses,13,131911,2.4,3166,1,2024-08-07,1,0,0,92,115,25.0,12.17,2,0
6,A-5a215a,Company_358,FR,EdTech,other,Pro,annual,True,2024-01-05,11.9,6-12 meses,9,69687,4.2,2927,0,,1,0,0,58,98,69.0,6.12,0,0
7,A-40906c,Company_235,US,EdTech,ads,Pro,annual,True,2024-03-27,9.2,6-12 meses,10,64400,4.2,2705,0,,3,0,1,48,73,52.1,4.11,0,0
8,A-5c046d,Company_130,FR,EdTech,partner,Enterprise,annual,True,2024-07-06,5.8,3-6 meses,8,83886,3.2,2684,0,,0,0,0,27,42,55.6,9.52,0,0
9,A-56962b,Company_177,UK,EdTech,partner,Enterprise,monthly,True,2024-04-09,8.7,6-12 meses,5,54605,4.2,2293,2,2024-08-26,0,0,0,18,57,216.7,12.28,0,0
10,A-c58f49,Company_480,US,EdTech,other,Enterprise,annual,True,2024-07-31,5.0,3-6 meses,6,70980,3.2,2271,3,2024-09-21,0,0,0,17,44,158.8,0.0,1,0
11,A-4814a3,Company_337,IN,Cybersecurity,event,Pro,monthly,True,2024-09-17,3.4,3-6 meses,8,70644,3.2,2261,1,2024-11-25,0,0,0,58,74,27.6,5.41,1,1
12,A-09316c,Company_341,AU,FinTech,organic,Enterprise,annual,True,2024-09-11,3.6,3-6 meses,10,70000,3.2,2240,1,2024-12-05,2,0,0,73,55,-24.7,5.45,2,0
13,A-9779ad,Company_171,AU,Cybersecurity,event,Enterprise,monthly,False,2024-03-29,9.1,6-12 meses,8,51680,4.2,2171,3,2024-08-11,2,0,1,37,60,62.2,5.0,0,0
14,A-e08cd3,Company_475,US,FinTech,ads,Basic,annual,True,2024-09-21,3.3,3-6 meses,9,67737,3.2,2168,2,2024-12-17,2,0,0,0,72,,2.78,0,1
15,A-66224b,Company_87,US,HealthTech,other,Pro,annual,True,2024-10-18,2.4,0-3 meses,7,50876,4.2,2137,0,,2,0,0,164,52,-68.3,5.77,0,0
16,A-bd4513,Company_205,AU,DevTools,event,Basic,annual,True,2024-11-06,1.8,0-3 meses,10,48804,4.2,2050,2,2024-12-09,1,0,0,74,76,2.7,7.89,2,0
17,A-76fa4d,Company_226,US,HealthTech,event,Pro,monthly,True,2024-11-24,1.2,0-3 meses,5,47955,4.2,2014,2,2024-12-03,1,0,0,25,62,148.0,4.84,0,0
18,A-9174e0,Company_73,US,Cybersecurity,partner,Enterprise,annual,True,2024-12-04,0.9,0-3 meses,12,46613,4.2,1958,0,,1,0,0,67,55,-17.9,14.55,2,0
19,A-2d1036,Company_399,US,FinTech,ads,Pro,monthly,False,2024-06-14,6.6,6-12 meses,10,46230,4.2,1942,2,2024-10-28,1,0,0,96,89,-7.3,7.87,0,0
20,A-0cc442,Company_198,US,EdTech,organic,Enterprise,annual,True,2024-07-18,5.5,3-6 meses,10,60092,3.2,1923,4,2024-10-23,0,0,0,92,84,-8.7,8.33,0,0
21,A-4c38bc,Company_55,UK,HealthTech,event,Pro,monthly,True,2024-03-09,9.8,6-12 meses,13,45612,4.2,1916,0,,0,0,0,123,106,-13.8,2.83,1,0
22,A-0651a4,Company_255,FR,HealthTech,organic,Enterprise,annual,True,2024-10-16,2.5,0-3 meses,12,44564,4.2,1872,2,2024-12-25,0,0,0,51,132,158.8,6.82,0,0
23,A-054577,Company_455,UK,EdTech,ads,Pro,monthly,True,2024-04-28,8.1,6-12 meses,14,44145,4.2,1854,0,,0,0,0,16,100,525.0,4.0,0,0
24,A-d40bf7,Company_11,IN,FinTech,organic,Basic,monthly,True,2024-11-08,1.7,0-3 meses,7,43247,4.2,1816,0,,1,0,0,130,45,-65.4,2.22,1,0
25,A-cd458b,Company_430,US,DevTools,other,Enterprise,monthly,True,2024-06-15,6.5,6-12 meses,14,42740,4.2,1795,1,2024-11-07,1,0,0,92,104,13.0,7.69,0,1
26,A-71615e,Company_167,US,EdTech,organic,Pro,annual,True,2024-05-18,7.5,6-12 meses,11,40713,4.2,1710,1,2024-07-16,0,0,0,125,84,-32.8,3.57,1,0
27,A-20736a,Company_271,IN,EdTech,organic,Enterprise,annual,True,2024-03-16,9.5,6-12 meses,6,40525,4.2,1702,1,2024-03-19,2,0,0,16,24,50.0,4.17,1,1
28,A-c70870,Company_253,US,Cybersecurity,partner,Enterprise,monthly,True,2024-10-22,2.3,0-3 meses,4,39614,4.2,1664,1,2024-12-13,0,0,0,25,67,168.0,0.0,2,1
29,A-fa3095,Company_174,US,FinTech,ads,Basic,annual,True,2023-09-03,15.9,12+ meses,11,69230,2.4,1662,1,2023-12-23,2,0,2,87,96,10.3,6.25,0,0
30,A-faa28c,Company_91,US,HealthTech,organic,Pro,monthly,True,2024-01-30,11.0,6-12 meses,9,39300,4.2,1651,2,2024-08-20,1,0,1,33,90,172.7,7.78,1,0
31,A-e60f9d,Company_178,US,FinTech,other,Enterprise,monthly,True,2024-08-26,4.2,3-6 meses,11,50095,3.2,1603,0,,0,0,0,89,62,-30.3,0.0,0,2
32,A-560d27,Company_266,US,DevTools,organic,Basic,monthly,True,2024-05-05,7.9,6-12 meses,8,37064,4.2,1557,0,,0,0,0,57,42,-26.3,0.0,1,0
33,A-afa505,Company_157,US,DevTools,partner,Enterprise,monthly,False,2023-12-27,12.2,12+ meses,6,62580,2.4,1502,1,2024-03-02,0,0,0,46,93,102.2,3.23,1,0
34,A-b44e3e,Company_383,UK,Cybersecurity,ads,Enterprise,monthly,False,2024-02-12,10.6,6-12 meses,5,35561,4.2,1494,1,2024-04-14,0,0,0,40,47,17.5,0.0,0,0
35,A-e4144b,Company_316,UK,EdTech,other,Enterprise,annual,True,2024-10-22,2.3,0-3 meses,6,35424,4.2,1488,0,,0,0,0,50,75,50.0,8.0,1,0
36,A-39ddf4,Company_435,US,EdTech,partner,Enterprise,monthly,True,2024-12-05,0.9,0-3 meses,8,33876,4.2,1423,1,2024-12-13,1,0,0,88,29,-67.0,3.45,0,0
37,A-902ef7,Company_270,US,HealthTech,other,Basic,annual,True,2024-09-03,3.9,3-6 meses,6,44322,3.2,1418,1,2024-09-26,0,0,0,60,45,-25.0,8.89,1,0
38,A-80eeb6,Company_402,UK,Cybersecurity,organic,Basic,annual,True,2023-05-09,19.8,12+ meses,12,58291,2.4,1399,2,2024-02-09,0,0,0,60,127,111.7,3.15,1,0
39,A-f5641b,Company_382,US,EdTech,other,Enterprise,monthly,True,2024-03-30,9.1,6-12 meses,8,32951,4.2,1384,2,2024-06-17,0,0,0,30,55,83.3,1.82,0,0
40,A-82861f,Company_350,UK,DevTools,organic,Enterprise,annual,False,2024-04-25,8.2,6-12 meses,7,32686,4.2,1373,1,2024-05-17,1,0,0,62,45,-27.4,15.56,0,0
41,A-acb7f7,Company_330,US,EdTech,ads,Basic,annual,True,2024-01-06,11.8,6-12 meses,10,32574,4.2,1368,1,2024-03-21,0,0,0,75,134,78.7,5.22,0,1
42,A-3a7284,Company_93,US,FinTech,organic,Pro,annual,True,2024-11-17,1.4,0-3 meses,9,32515,4.2,1366,1,2024-12-26,0,0,0,111,89,-19.8,0.0,1,2
43,A-8bde0c,Company_287,US,DevTools,organic,Enterprise,monthly,True,2024-11-04,1.9,0-3 meses,15,32385,4.2,1360,2,2024-12-30,1,0,1,41,47,14.6,14.89,2,0
44,A-94f8c9,Company_51,US,HealthTech,other,Enterprise,monthly,True,2024-03-29,9.1,6-12 meses,13,31989,4.2,1344,1,2024-05-02,0,0,0,64,78,21.9,12.82,0,1
45,A-aa9511,Company_203,US,DevTools,other,Enterprise,monthly,False,2023-10-10,14.7,12+ meses,11,55995,2.4,1344,1,2023-10-17,0,0,0,49,89,81.6,3.37,0,1
46,A-039727,Company_107,AU,EdTech,organic,Basic,annual,True,2024-11-02,1.9,0-3 meses,12,31445,4.2,1321,1,2024-12-22,0,0,0,127,66,-48.0,3.03,3,2
47,A-b07346,Company_269,US,HealthTech,partner,Enterprise,annual,False,2024-10-10,2.7,0-3 meses,4,31416,4.2,1319,1,2024-11-12,1,0,0,20,8,-60.0,0.0,1,0
48,A-1d5444,Company_427,US,Cybersecurity,partner,Pro,annual,True,2024-01-18,11.4,6-12 meses,12,30958,4.2,1300,1,2024-06-01,1,0,1,82,66,-19.5,10.61,1,0
49,A-02cd81,Company_76,IN,HealthTech,other,Pro,annual,True,2024-03-28,9.1,6-12 meses,10,30800,4.2,1294,1,2024-04-30,0,0,0,151,48,-68.2,12.5,0,0
50,A-526d93,Company_66,FR,HealthTech,organic,Basic,monthly,True,2024-04-14,8.6,6-12 meses,6,30644,4.2,1287,3,2024-09-25,1,0,1,54,105,94.4,3.81,0,0
51,A-0b0d6d,Company_267,US,DevTools,organic,Pro,monthly,True,2024-12-30,0.0,0-3 meses,11,30429,4.2,1278,1,2024-12-31,1,0,1,87,67,-23.0,4.48,1,0
52,A-96bbc6,Company_342,US,Cybersecurity,organic,Basic,monthly,True,2024-05-07,7.8,6-12 meses,8,30426,4.2,1278,3,2024-12-21,0,0,0,51,130,154.9,0.77,1,1
53,A-671f31,Company_137,US,DevTools,ads,Enterprise,annual,False,2024-11-24,1.2,0-3 meses,5,30385,4.2,1276,0,,0,0,0,45,25,-44.4,8.0,0,1
54,A-812c5b,Company_395,CA,DevTools,organic,Pro,monthly,True,2024-02-25,10.2,6-12 meses,9,29884,4.2,1255,1,2024-05-11,0,0,0,91,72,-20.9,2.78,0,0
55,A-7920cc,Company_412,FR,Cybersecurity,ads,Enterprise,annual,True,2023-11-23,13.3,12+ meses,14,52089,2.4,1250,0,,2,0,2,45,97,115.6,4.12,0,0
56,A-bd4708,Company_257,US,FinTech,ads,Enterprise,monthly,True,2024-07-21,5.4,3-6 meses,9,38975,3.2,1247,0,,2,0,1,116,93,-19.8,4.3,0,0
57,A-956988,Company_14,UK,EdTech,ads,Enterprise,annual,True,2024-11-30,1.0,0-3 meses,11,29407,4.2,1235,2,2024-12-30,1,0,0,126,74,-41.3,10.81,0,1
58,A-4f18f0,Company_145,CA,DevTools,other,Basic,monthly,True,2024-04-21,8.3,6-12 meses,8,29333,4.2,1232,2,2024-12-01,0,0,0,32,41,28.1,12.2,0,0
59,A-05f0e5,Company_40,US,FinTech,partner,Pro,annual,True,2023-05-04,19.9,12+ meses,12,51109,2.4,1227,2,2024-11-25,1,0,1,67,149,122.4,8.05,0,0
60,A-2d4502,Company_45,IN,FinTech,event,Enterprise,annual,True,2024-04-29,8.1,6-12 meses,9,29071,4.2,1221,1,2024-05-07,0,0,0,59,19,-67.8,10.53,1,0
61,A-ac85cd,Company_485,US,EdTech,partner,Pro,annual,True,2024-07-31,5.0,3-6 meses,9,37663,3.2,1205,2,2024-12-13,0,0,0,57,101,77.2,3.96,1,2
62,A-b7b7b7,Company_338,US,FinTech,event,Pro,annual,True,2024-06-30,6.0,6-12 meses,10,28558,4.2,1199,0,,0,0,0,91,50,-45.1,0.0,0,0
63,A-883b7d,Company_313,IN,Cybersecurity,other,Enterprise,annual,True,2024-03-28,9.1,6-12 meses,9,28515,4.2,1198,0,,2,0,0,57,109,91.2,3.67,0,0
64,A-9f0b68,Company_489,US,EdTech,ads,Basic,annual,True,2024-04-28,8.1,6-12 meses,11,28518,4.2,1198,2,2024-11-01,1,0,1,110,46,-58.2,0.0,2,1
65,A-b48f73,Company_225,AU,EdTech,event,Pro,annual,False,2024-11-13,1.6,0-3 meses,6,28320,4.2,1189,0,,0,0,0,25,23,-8.0,0.0,0,0
66,A-1e1b80,Company_416,CA,FinTech,other,Basic,annual,True,2023-09-12,15.6,12+ meses,10,48647,2.4,1168,3,2024-11-13,0,0,0,71,91,28.2,3.3,1,0
67,A-6965e1,Company_379,US,DevTools,organic,Basic,monthly,True,2024-11-25,1.2,0-3 meses,11,27765,4.2,1166,3,2024-12-09,0,0,0,86,44,-48.8,2.27,1,1
68,A-d77f4c,Company_470,US,DevTools,partner,Enterprise,annual,True,2023-09-25,15.2,12+ meses,11,48378,2.4,1161,3,2024-12-03,0,0,0,88,54,-38.6,12.96,2,0
69,A-82d8a6,Company_444,UK,Cybersecurity,ads,Pro,annual,True,2024-11-28,1.1,0-3 meses,11,27626,4.2,1160,1,2024-12-29,2,0,1,97,113,16.5,1.77,5,2
70,A-d4ac0e,Company_364,UK,DevTools,ads,Pro,monthly,True,2024-04-20,8.4,6-12 meses,16,27215,4.2,1143,0,,1,0,0,60,103,71.7,0.97,1,0
71,A-fd9422,Company_263,US,Cybersecurity,organic,Pro,annual,True,2024-04-04,8.9,6-12 meses,4,27028,4.2,1135,0,,1,0,0,104,77,-26.0,7.79,0,1
72,A-309e54,Company_371,US,DevTools,other,Basic,annual,True,2024-12-09,0.7,0-3 meses,7,26932,4.2,1131,1,2024-12-14,0,0,0,21,65,209.5,3.08,0,1
73,A-b7ef83,Company_474,UK,Cybersecurity,partner,Pro,monthly,False,2024-05-29,7.1,6-12 meses,14,26913,4.2,1130,2,2024-07-24,1,0,1,81,93,14.8,5.38,1,0
74,A-1f7acb,Company_281,UK,FinTech,ads,Enterprise,annual,True,2023-08-06,16.9,12+ meses,7,46912,2.4,1126,0,,1,0,1,100,32,-68.0,9.38,0,0
75,A-e43bf7,Company_215,AU,Cybersecurity,other,Enterprise,annual,True,2023-03-24,21.3,12+ meses,7,46666,2.4,1120,1,2023-06-24,2,0,0,17,38,123.5,2.63,0,0
76,A-92a3af,Company_259,IN,Cybersecurity,organic,Pro,monthly,True,2024-07-07,5.8,3-6 meses,11,34538,3.2,1105,0,,0,0,0,85,117,37.6,2.56,0,1
77,A-716841,Company_437,US,FinTech,other,Enterprise,monthly,True,2024-05-06,7.9,6-12 meses,6,26234,4.2,1102,1,2024-11-13,0,0,0,44,26,-40.9,7.69,0,0
78,A-d3c88e,Company_490,US,DevTools,event,Enterprise,monthly,True,2024-10-18,2.4,0-3 meses,11,26183,4.2,1100,1,2024-11-18,0,0,0,106,81,-23.6,9.88,3,0
79,A-118f1c,Company_492,US,Cybersecurity,other,Enterprise,annual,False,2024-10-31,2.0,0-3 meses,5,26080,4.2,1095,1,2024-12-17,0,0,0,41,8,-80.5,0.0,0,0
80,A-dbc825,Company_252,FR,EdTech,partner,Basic,annual,True,2024-01-07,11.8,6-12 meses,11,25702,4.2,1079,2,2024-02-03,0,0,0,144,118,-18.1,7.63,0,0
81,A-a09355,Company_459,US,FinTech,organic,Pro,monthly,True,2024-08-10,4.7,3-6 meses,14,33454,3.2,1071,2,2024-10-18,0,0,0,52,115,121.2,6.09,0,1
82,A-ce550d,Company_4,US,HealthTech,event,Pro,annual,True,2024-10-27,2.1,0-3 meses,6,25355,4.2,1065,1,2024-12-28,1,0,0,67,108,61.2,9.26,2,0
83,A-50f3f7,Company_140,US,HealthTech,partner,Enterprise,annual,True,2023-12-22,12.3,12+ meses,13,44077,2.4,1058,0,,0,0,0,70,129,84.3,9.3,0,0
84,A-692f18,Company_195,US,EdTech,other,Enterprise,monthly,True,2024-03-28,9.1,6-12 meses,13,24978,4.2,1049,1,2024-12-23,1,0,1,86,95,10.5,5.26,1,0
85,A-cb5333,Company_370,US,DevTools,ads,Pro,monthly,True,2024-03-26,9.2,6-12 meses,12,24639,4.2,1035,1,2024-08-11,0,0,0,92,104,13.0,1.92,0,0
86,A-bbc346,Company_138,US,FinTech,partner,Pro,annual,False,2024-08-29,4.1,3-6 meses,9,32142,3.2,1029,2,2024-11-03,0,0,0,103,60,-41.7,0.0,0,1
87,A-158f4e,Company_180,IN,FinTech,other,Enterprise,monthly,True,2023-03-03,22.0,12+ meses,10,42700,2.4,1025,2,2024-12-04,0,0,0,54,33,-38.9,6.06,0,0
88,A-4e631b,Company_298,US,FinTech,other,Basic,annual,True,2024-03-16,9.5,6-12 meses,10,24398,4.2,1025,0,,0,0,0,58,77,32.8,6.49,0,1
89,A-2446e3,Company_241,IN,EdTech,organic,Enterprise,monthly,True,2024-01-10,11.7,6-12 meses,6,24138,4.2,1014,2,2024-07-29,1,0,0,65,86,32.3,5.81,1,0
90,A-b3fe05,Company_238,CA,Cybersecurity,partner,Basic,monthly,True,2024-05-28,7.1,6-12 meses,6,24102,4.2,1012,0,,1,0,1,77,30,-61.0,6.67,0,0
91,A-4e960a,Company_277,US,FinTech,other,Basic,monthly,True,2024-01-17,11.5,6-12 meses,10,23942,4.2,1006,0,,1,0,1,34,98,188.2,6.12,0,0
92,A-4d1e75,Company_58,US,DevTools,other,Basic,monthly,False,2024-08-21,4.3,3-6 meses,11,31390,3.2,1004,1,2024-09-05,0,0,0,69,47,-31.9,2.13,1,1
93,A-eb7fac,Company_28,US,DevTools,organic,Basic,monthly,True,2023-10-28,14.1,12+ meses,9,41753,2.4,1002,1,2024-07-22,0,0,0,77,54,-29.9,0.0,0,0
94,A-2e3bad,Company_108,CA,FinTech,other,Basic,annual,True,2023-08-13,16.6,12+ meses,6,41724,2.4,1001,1,2024-03-30,0,0,0,39,28,-28.2,0.0,0,0
95,A-0f6450,Company_400,US,FinTech,other,Enterprise,monthly,False,2024-12-27,0.1,0-3 meses,10,23800,4.2,1000,2,2024-12-30,0,0,0,46,27,-41.3,22.22,0,0
96,A-7e0a10,Company_64,US,FinTech,ads,Enterprise,annual,True,2023-11-18,13.4,12+ meses,10,41116,2.4,987,1,2024-09-26,1,0,1,36,80,122.2,1.25,0,0
97,A-0aaf6e,Company_114,US,FinTech,organic,Enterprise,monthly,True,2024-05-11,7.7,6-12 meses,6,23496,4.2,987,0,,1,0,0,50,97,94.0,5.15,0,0
98,A-ff79f2,Company_165,US,DevTools,ads,Basic,monthly,False,2024-04-25,8.2,6-12 meses,6,23408,4.2,983,0,,0,0,0,25,49,96.0,2.04,2,0
99,A-8e47ca,Company_191,US,HealthTech,organic,Enterprise,monthly,True,2024-02-15,10.5,6-12 meses,8,23145,4.2,972,3,2024-12-31,0,0,0,84,30,-64.3,0.0,0,0
100,A-993085,Company_258,US,HealthTech,ads,Pro,monthly,True,2023-06-01,19.0,12+ meses,13,40098,2.4,962,2,2024-01-21,1,0,0,117,52,-55.6,1.92,1,0
101,A-87aa7b,Company_433,US,HealthTech,organic,Pro,monthly,True,2024-05-16,7.5,6-12 meses,14,22881,4.2,961,3,2024-12-26,1,0,1,58,93,60.3,9.68,1,0
102,A-712f1c,Company_331,US,DevTools,ads,Pro,annual,True,2023-12-16,12.5,12+ meses,10,39616,2.4,951,1,2024-10-24,0,0,0,71,60,-15.5,0.0,0,0
103,A-7f8241,Company_42,US,EdTech,organic,Enterprise,monthly,False,2023-03-14,21.6,12+ meses,14,39516,2.4,948,0,,0,0,0,95,108,13.7,0.0,0,0
104,A-4a267b,Company_451,US,FinTech,other,Pro,monthly,True,2024-05-05,7.9,6-12 meses,6,22458,4.2,943,1,2024-06-17,0,0,0,63,78,23.8,6.41,1,1
105,A-b78bf8,Company_148,US,DevTools,event,Pro,monthly,True,2024-11-15,1.5,0-3 meses,7,22423,4.2,942,1,2024-12-06,2,0,0,27,46,70.4,4.35,1,1
106,A-5fe118,Company_374,US,Cybersecurity,other,Enterprise,annual,True,2024-11-07,1.8,0-3 meses,4,22290,4.2,936,1,2024-12-16,0,0,0,21,45,114.3,2.22,0,0
107,A-f6b2fb,Company_418,AU,DevTools,event,Basic,monthly,False,2024-04-23,8.3,6-12 meses,7,22232,4.2,934,1,2024-07-11,0,0,0,71,36,-49.3,5.56,0,0
108,A-58b9ff,Company_425,IN,DevTools,partner,Pro,monthly,True,2024-05-31,7.0,6-12 meses,10,22244,4.2,934,1,2024-10-10,0,0,0,109,86,-21.1,4.65,1,0
109,A-08e34e,Company_32,US,EdTech,event,Enterprise,monthly,True,2024-06-27,6.1,6-12 meses,9,21821,4.2,916,2,2024-09-01,0,0,0,112,95,-15.2,8.42,0,0
110,A-fda07f,Company_230,FR,Cybersecurity,partner,Basic,monthly,True,2024-08-11,4.7,3-6 meses,10,28418,3.2,909,1,2024-09-13,0,0,0,111,68,-38.7,7.35,2,1
111,A-d5a319,Company_158,US,FinTech,other,Enterprise,annual,True,2023-05-04,19.9,12+ meses,10,37847,2.4,908,0,,0,0,0,68,114,67.6,11.4,0,0
112,A-ccb686,Company_491,US,DevTools,other,Basic,annual,True,2024-01-22,11.3,6-12 meses,9,21351,4.2,897,3,2024-11-24,0,0,0,102,146,43.1,8.9,1,0
113,A-fa2041,Company_211,US,HealthTech,organic,Enterprise,annual,True,2024-05-29,7.1,6-12 meses,9,20915,4.2,878,1,2024-07-13,0,0,0,26,96,269.2,5.21,0,0
114,A-5b4ebb,Company_69,UK,Cybersecurity,other,Pro,annual,True,2024-07-10,5.7,3-6 meses,11,27404,3.2,877,0,,1,0,0,125,53,-57.6,1.89,1,0
115,A-98a59a,Company_80,UK,FinTech,partner,Pro,annual,True,2023-08-04,16.9,12+ meses,9,36456,2.4,875,1,2024-09-11,1,0,0,49,50,2.0,0.0,0,0
116,A-d42431,Company_378,FR,FinTech,ads,Enterprise,annual,True,2024-06-09,6.7,6-12 meses,8,20742,4.2,871,2,2024-10-12,0,0,0,58,35,-39.7,8.57,0,0
117,A-c7ffc2,Company_392,US,Cybersecurity,partner,Basic,monthly,False,2023-01-27,23.1,12+ meses,12,36112,2.4,867,2,2023-11-11,0,0,0,85,69,-18.8,8.7,0,0
118,A-86902e,Company_169,IN,HealthTech,other,Enterprise,annual,True,2023-05-02,20.0,12+ meses,8,36041,2.4,865,1,2024-12-07,0,0,0,81,97,19.8,9.28,0,0
119,A-592832,Company_10,US,Cybersecurity,organic,Pro,annual,False,2024-09-25,3.2,3-6 meses,14,26833,3.2,859,1,2024-10-04,1,0,1,138,104,-24.6,1.92,1,1
120,A-9badbd,Company_63,DE,Cybersecurity,ads,Enterprise,monthly,True,2024-06-19,6.4,6-12 meses,9,20299,4.2,853,0,,1,0,1,148,82,-44.6,7.32,0,0
121,A-e3bd71,Company_347,US,Cybersecurity,partner,Pro,annual,False,2023-03-25,21.3,12+ meses,9,35461,2.4,851,1,2023-12-30,0,0,0,70,108,54.3,5.56,0,0
122,A-533452,Company_279,AU,DevTools,organic,Basic,annual,False,2024-11-12,1.6,0-3 meses,9,20223,4.2,849,4,2024-12-16,0,0,0,111,55,-50.5,9.09,1,2
123,A-ed510f,Company_361,IN,Cybersecurity,partner,Pro,monthly,True,2023-01-17,23.5,12+ meses,8,35364,2.4,849,1,2023-05-05,0,0,0,39,94,141.0,3.19,0,0
124,A-34d880,Company_207,AU,Cybersecurity,ads,Enterprise,monthly,True,2024-04-11,8.7,6-12 meses,6,20185,4.2,848,1,2024-12-20,2,0,0,44,63,43.2,3.17,0,0
125,A-90a8c8,Company_249,AU,FinTech,organic,Enterprise,monthly,False,2024-08-24,4.2,3-6 meses,6,26514,3.2,848,1,2024-08-29,0,0,0,62,41,-33.9,7.32,0,0
126,A-89ee83,Company_312,US,Cybersecurity,organic,Enterprise,monthly,True,2024-10-04,2.9,0-3 meses,9,20140,4.2,846,0,,1,1,0,60,93,55.0,10.75,3,0
127,A-a45270,Company_37,US,HealthTech,ads,Enterprise,monthly,False,2024-06-24,6.2,6-12 meses,9,19984,4.2,839,1,2024-11-12,2,0,0,48,46,-4.2,13.04,0,1
128,A-3f9cc0,Company_359,US,HealthTech,event,Enterprise,monthly,True,2024-06-03,6.9,6-12 meses,6,19940,4.2,837,3,2024-12-21,1,0,1,110,18,-83.6,0.0,0,0
129,A-65aeb5,Company_120,US,DevTools,partner,Pro,annual,True,2024-01-25,11.2,6-12 meses,8,19893,4.2,836,2,2024-12-02,0,0,0,71,65,-8.5,6.15,0,0
130,A-1619f8,Company_183,US,DevTools,organic,Basic,monthly,True,2024-05-20,7.4,6-12 meses,6,19790,4.2,831,3,2024-09-21,1,0,1,98,45,-54.1,2.22,1,0
131,A-a1b80b,Company_184,US,HealthTech,organic,Enterprise,annual,False,2023-11-27,13.1,12+ meses,14,34589,2.4,830,1,2024-07-11,0,0,0,68,169,148.5,9.47,0,0
132,A-726cfa,Company_82,US,DevTools,partner,Enterprise,monthly,False,2023-07-01,18.0,12+ meses,16,34243,2.4,822,1,2024-08-08,0,0,0,121,113,-6.6,2.65,0,0
133,A-d27f50,Company_163,UK,Cybersecurity,ads,Basic,monthly,True,2024-07-20,5.4,3-6 meses,7,25671,3.2,821,0,,0,0,0,17,57,235.3,3.51,1,0
134,A-9f9299,Company_133,US,FinTech,organic,Pro,annual,True,2023-09-02,16.0,12+ meses,12,34087,2.4,818,2,2024-10-08,2,0,1,178,154,-13.5,6.49,0,0
135,A-00bed1,Company_306,US,Cybersecurity,ads,Enterprise,annual,False,2023-11-14,13.6,12+ meses,9,33506,2.4,804,1,2024-01-03,0,0,0,100,52,-48.0,7.69,0,0
136,A-b2225d,Company_50,US,FinTech,ads,Basic,annual,True,2024-03-08,9.8,6-12 meses,7,19088,4.2,802,3,2024-06-27,0,0,0,121,81,-33.1,4.94,0,0
137,A-6f8ad2,Company_57,IN,EdTech,organic,Basic,annual,False,2024-07-09,5.7,3-6 meses,14,25046,3.2,801,0,,2,0,1,177,105,-40.7,6.67,1,1
138,A-e7a1e2,Company_295,US,Cybersecurity,event,Enterprise,annual,True,2024-06-23,6.3,6-12 meses,9,19047,4.2,800,3,2024-12-11,0,0,0,70,107,52.9,3.74,0,0
139,A-4a4c2d,Company_473,US,DevTools,event,Pro,monthly,True,2023-05-02,20.0,12+ meses,10,32940,2.4,791,0,,1,0,0,96,54,-43.8,3.7,0,0
140,A-462d45,Company_13,US,Cybersecurity,partner,Pro,annual,True,2024-01-15,11.5,6-12 meses,8,18752,4.2,788,1,2024-05-17,1,0,1,69,54,-21.7,0.0,0,0
141,A-c1e51e,Company_173,US,FinTech,organic,Enterprise,monthly,True,2024-10-02,3.0,0-3 meses,7,18772,4.2,788,2,2024-12-20,1,0,0,33,50,51.5,0.0,1,1
142,A-2789e3,Company_268,US,FinTech,partner,Pro,monthly,False,2024-09-14,3.5,3-6 meses,10,24489,3.2,784,0,,3,0,1,61,128,109.8,4.69,1,1
143,A-5c9849,Company_362,IN,EdTech,partner,Pro,monthly,False,2024-11-03,1.9,0-3 meses,5,18646,4.2,783,1,2024-11-13,0,0,0,12,16,33.3,0.0,2,0
144,A-42b791,Company_464,AU,FinTech,event,Basic,monthly,False,2024-05-20,7.4,6-12 meses,6,18547,4.2,779,0,,0,0,0,32,35,9.4,5.71,0,0
145,A-544d0a,Company_153,US,DevTools,organic,Enterprise,annual,False,2024-05-02,8.0,6-12 meses,9,18492,4.2,777,0,,0,0,0,47,94,100.0,5.32,1,1
146,A-2bc93d,Company_43,US,HealthTech,event,Pro,monthly,True,2023-03-14,21.6,12+ meses,11,32128,2.4,771,2,2024-08-15,1,0,0,97,89,-8.2,0.0,0,0
147,A-1ac5e0,Company_126,US,DevTools,event,Pro,monthly,True,2024-10-20,2.4,0-3 meses,7,18249,4.2,766,0,,0,0,0,62,62,0.0,4.84,0,0
148,A-118d55,Company_65,US,Cybersecurity,organic,Pro,monthly,True,2024-10-22,2.3,0-3 meses,11,18148,4.2,762,2,2024-12-27,2,0,1,107,63,-41.1,3.17,3,4
149,A-443b7c,Company_280,US,Cybersecurity,other,Basic,annual,True,2024-09-06,3.8,3-6 meses,12,23739,3.2,760,0,,0,0,0,102,94,-7.8,1.06,4,0
150,A-c222ab,Company_206,US,Cybersecurity,other,Pro,monthly,True,2024-05-10,7.7,6-12 meses,6,18048,4.2,758,3,2024-10-05,3,0,2,38,85,123.7,5.88,1,0
151,A-35083d,Company_27,IN,HealthTech,partner,Enterprise,monthly,True,2023-04-28,20.1,12+ meses,12,31502,2.4,756,0,,0,0,0,112,105,-6.2,1.9,0,0
152,A-68f37c,Company_202,US,HealthTech,ads,Enterprise,monthly,True,2023-07-15,17.6,12+ meses,9,31474,2.4,755,4,2024-12-18,1,0,1,85,59,-30.6,1.69,1,0
153,A-8b0451,Company_245,UK,FinTech,event,Enterprise,annual,True,2024-09-16,3.5,3-6 meses,8,23550,3.2,754,1,2024-12-29,2,0,1,98,59,-39.8,8.47,0,0
154,A-b179bf,Company_348,IN,Cybersecurity,ads,Enterprise,monthly,True,2024-10-27,2.1,0-3 meses,3,17931,4.2,753,3,2024-12-05,1,0,1,105,15,-85.7,0.0,0,0
155,A-49b828,Company_391,IN,FinTech,ads,Enterprise,annual,True,2023-05-05,19.9,12+ meses,13,31108,2.4,747,0,,1,1,0,44,84,90.9,4.76,0,0
156,A-a33200,Company_352,US,HealthTech,partner,Basic,monthly,True,2024-09-15,3.5,3-6 meses,11,23142,3.2,741,1,2024-10-07,0,0,0,29,55,89.7,1.82,1,0
157,A-7dacce,Company_8,CA,Cybersecurity,event,Enterprise,annual,True,2024-09-10,3.7,3-6 meses,7,23057,3.2,738,3,2024-12-27,0,0,0,58,57,-1.7,0.0,1,0
158,A-10b8f2,Company_151,DE,HealthTech,organic,Pro,annual,True,2023-01-11,23.7,12+ meses,9,30719,2.4,737,1,2024-06-04,0,0,0,102,75,-26.5,4.0,0,0
159,A-de24d5,Company_231,US,DevTools,other,Pro,monthly,False,2024-11-05,1.8,0-3 meses,10,17554,4.2,737,0,,1,0,1,90,57,-36.7,0.0,0,0
160,A-c37601,Company_48,US,EdTech,partner,Enterprise,monthly,False,2024-10-31,2.0,0-3 meses,8,17490,4.2,735,1,2024-12-17,0,0,0,43,69,60.5,0.0,0,0
161,A-ffc04f,Company_307,US,EdTech,ads,Basic,monthly,True,2024-06-06,6.8,6-12 meses,10,17393,4.2,731,1,2024-08-03,0,0,0,140,94,-32.9,12.77,0,1
162,A-e693b6,Company_240,AU,FinTech,event,Enterprise,annual,True,2023-05-25,19.3,12+ meses,7,30415,2.4,730,1,2024-10-10,0,0,0,31,43,38.7,4.65,0,0
163,A-855a48,Company_389,US,EdTech,partner,Enterprise,annual,True,2023-12-22,12.3,12+ meses,8,30376,2.4,729,1,2024-08-01,0,0,0,70,12,-82.9,0.0,0,0
164,A-eb2fdc,Company_216,AU,DevTools,organic,Basic,annual,True,2023-11-21,13.3,12+ meses,11,30351,2.4,728,1,2024-05-26,0,0,0,84,82,-2.4,2.44,0,0
165,A-5790f4,Company_446,UK,FinTech,event,Basic,monthly,False,2024-12-22,0.3,0-3 meses,4,17334,4.2,728,3,2024-12-31,1,0,1,36,31,-13.9,19.35,0,0
166,A-eb7c38,Company_47,AU,DevTools,organic,Basic,annual,True,2024-02-25,10.2,6-12 meses,8,17144,4.2,720,1,2024-03-22,0,0,0,117,85,-27.4,4.71,0,0
167,A-b07b56,Company_292,US,DevTools,event,Pro,annual,True,2024-11-08,1.7,0-3 meses,12,16984,4.2,713,1,2024-12-24,1,0,1,83,77,-7.2,5.19,0,0
168,A-f19409,Company_105,US,DevTools,other,Basic,annual,False,2023-03-16,21.6,12+ meses,10,29559,2.4,709,2,2023-05-25,1,0,0,83,103,24.1,8.74,0,0
169,A-a8d89d,Company_326,US,EdTech,ads,Basic,annual,True,2023-12-08,12.8,12+ meses,11,29320,2.4,704,2,2024-08-26,0,0,0,90,48,-46.7,2.08,0,0
170,A-977ca0,Company_232,IN,HealthTech,partner,Pro,monthly,True,2023-02-20,22.3,12+ meses,10,29255,2.4,702,0,,1,0,0,125,158,26.4,3.16,0,0
171,A-a0ca4e,Company_6,US,Cybersecurity,ads,Enterprise,monthly,True,2024-03-08,9.8,6-12 meses,8,16633,4.2,699,0,,1,0,1,53,62,17.0,1.61,0,0
172,A-b9eed8,Company_189,US,Cybersecurity,organic,Basic,monthly,True,2024-02-23,10.2,6-12 meses,11,16577,4.2,696,1,2024-04-23,0,0,0,78,83,6.4,4.82,0,0
173,A-6843f2,Company_335,CA,HealthTech,ads,Pro,annual,True,2024-12-10,0.7,0-3 meses,8,16520,4.2,694,0,,0,0,0,54,58,7.4,3.45,0,1
174,A-bcbe98,Company_452,US,Cybersecurity,other,Basic,monthly,True,2024-07-29,5.1,3-6 meses,9,21666,3.2,693,1,2024-11-25,0,0,0,67,136,103.0,8.09,1,0
175,A-3a5ad8,Company_94,US,HealthTech,organic,Enterprise,monthly,True,2023-12-05,12.9,12+ meses,9,28701,2.4,689,0,,1,0,0,78,48,-38.5,2.08,0,0
176,A-2ebb4b,Company_334,US,HealthTech,ads,Pro,monthly,True,2023-05-15,19.6,12+ meses,7,28679,2.4,688,3,2024-12-29,0,0,0,37,68,83.8,5.88,0,0
177,A-cbd1a3,Company_325,US,DevTools,other,Basic,annual,True,2024-11-25,1.2,0-3 meses,9,16351,4.2,687,0,,0,0,0,63,32,-49.2,0.0,2,0
178,A-d62e02,Company_420,US,Cybersecurity,partner,Enterprise,monthly,False,2024-08-20,4.4,3-6 meses,10,21324,3.2,682,0,,0,0,0,23,99,330.4,8.08,1,0
179,A-ba6516,Company_154,US,FinTech,ads,Enterprise,annual,True,2023-10-29,14.1,12+ meses,10,28379,2.4,681,1,2024-03-17,1,0,0,110,41,-62.7,2.44,0,1
180,A-0dbdc6,Company_366,DE,Cybersecurity,other,Pro,annual,True,2023-02-12,22.6,12+ meses,8,28273,2.4,679,2,2024-04-14,1,0,0,80,61,-23.8,6.56,0,0
181,A-f25509,Company_92,US,EdTech,other,Basic,annual,True,2024-03-22,9.3,6-12 meses,4,16122,4.2,677,3,2024-11-10,0,0,0,35,27,-22.9,7.41,0,1
182,A-202b67,Company_305,US,HealthTech,organic,Enterprise,monthly,True,2024-03-22,9.3,6-12 meses,8,15979,4.2,671,2,2024-09-14,0,0,0,46,93,102.2,8.6,0,0
183,A-84ebe4,Company_68,US,FinTech,ads,Enterprise,monthly,True,2023-03-12,21.7,12+ meses,8,27652,2.4,664,2,2024-01-20,2,0,1,43,79,83.7,2.53,0,0
184,A-1986ca,Company_197,IN,HealthTech,ads,Enterprise,monthly,False,2023-01-30,23.0,12+ meses,6,27661,2.4,664,0,,0,0,0,39,37,-5.1,0.0,0,0
185,A-31ab9a,Company_460,DE,FinTech,organic,Enterprise,monthly,True,2024-03-03,10.0,6-12 meses,6,15802,4.2,664,2,2024-09-23,1,0,0,61,29,-52.5,0.0,0,0
186,A-d26ab4,Company_497,UK,DevTools,organic,Enterprise,monthly,True,2024-11-07,1.8,0-3 meses,4,15731,4.2,661,1,2024-12-26,0,0,0,22,62,181.8,0.0,0,1
187,A-7d514c,Company_119,DE,HealthTech,organic,Enterprise,monthly,True,2024-02-03,10.9,6-12 meses,6,15717,4.2,660,0,,1,0,1,49,51,4.1,9.8,1,0
188,A-249769,Company_214,US,Cybersecurity,event,Basic,annual,True,2024-04-25,8.2,6-12 meses,12,15717,4.2,660,2,2024-12-16,1,0,0,98,122,24.5,1.64,0,0
189,A-4e44e8,Company_22,US,DevTools,ads,Enterprise,annual,True,2024-08-20,4.4,3-6 meses,9,20531,3.2,657,2,2024-10-11,0,0,0,109,50,-54.1,0.0,0,0
190,A-cc8c8f,Company_482,US,DevTools,ads,Enterprise,annual,True,2024-06-16,6.5,6-12 meses,5,15600,4.2,655,1,2024-09-12,0,0,0,28,29,3.6,13.79,0,1
191,A-bb1486,Company_265,US,HealthTech,organic,Pro,annual,True,2024-11-05,1.8,0-3 meses,7,15528,4.2,652,2,2024-11-23,0,0,0,90,26,-71.1,7.69,0,2
192,A-5ed98d,Company_479,US,DevTools,partner,Basic,annual,True,2024-06-22,6.3,6-12 meses,7,15478,4.2,650,2,2024-10-02,0,0,0,5,73,1360.0,6.85,1,0
193,A-19b2c8,Company_476,IN,DevTools,other,Enterprise,monthly,True,2023-06-06,18.9,12+ meses,12,26703,2.4,641,1,2024-08-16,0,0,0,87,79,-9.2,5.06,0,0
194,A-6f50ae,Company_466,US,FinTech,partner,Enterprise,monthly,True,2023-09-21,15.3,12+ meses,12,26608,2.4,639,2,2024-02-26,3,0,1,117,120,2.6,7.5,0,0
195,A-7df7a7,Company_125,US,DevTools,organic,Enterprise,annual,True,2023-01-28,23.1,12+ meses,12,26568,2.4,638,1,2024-07-10,0,0,0,117,135,15.4,7.41,0,0
196,A-02fac6,Company_52,US,FinTech,event,Pro,monthly,True,2023-04-06,20.9,12+ meses,11,26410,2.4,634,1,2024-08-21,0,0,0,46,113,145.7,1.77,1,0
197,A-78f02b,Company_329,US,HealthTech,event,Pro,annual,True,2024-11-17,1.4,0-3 meses,4,15081,4.2,633,2,2024-12-09,1,0,0,21,18,-14.3,44.44,1,0
198,A-e1b9cd,Company_484,US,DevTools,event,Pro,monthly,True,2023-02-26,22.1,12+ meses,11,26362,2.4,633,1,2024-10-01,0,0,0,138,36,-73.9,0.0,0,0
199,A-751c58,Company_393,UK,FinTech,organic,Basic,annual,True,2024-07-18,5.5,3-6 meses,9,19597,3.2,627,3,2024-12-16,1,0,0,73,102,39.7,3.92,1,0
200,A-970c97,Company_477,DE,HealthTech,other,Pro,annual,True,2024-03-01,10.0,6-12 meses,7,14868,4.2,624,0,,0,0,0,20,78,290.0,8.97,0,0
201,A-0354fe,Company_380,US,Cybersecurity,other,Enterprise,monthly,False,2024-10-22,2.3,0-3 meses,4,14824,4.2,623,2,2024-11-26,2,0,1,15,64,326.7,4.69,1,0
202,A-f3ff05,Company_44,IN,FinTech,other,Basic,monthly,True,2024-07-06,5.8,3-6 meses,11,19427,3.2,622,1,2024-10-20,0,0,0,99,42,-57.6,2.38,0,0
203,A-ac9111,Company_487,US,HealthTech,event,Enterprise,monthly,True,2023-08-12,16.7,12+ meses,12,25828,2.4,620,1,2024-06-25,0,0,0,71,98,38.0,6.12,0,0
204,A-f9cc74,Company_360,FR,DevTools,partner,Basic,annual,True,2024-10-12,2.6,0-3 meses,5,14550,4.2,611,0,,2,0,0,60,62,3.3,3.23,1,0
205,A-c1dfe1,Company_53,DE,DevTools,ads,Basic,monthly,False,2023-08-07,16.8,12+ meses,7,25296,2.4,607,2,2024-06-06,0,0,0,18,32,77.8,9.38,0,0
206,A-854864,Company_38,IN,FinTech,event,Pro,annual,True,2024-12-07,0.8,0-3 meses,5,14379,4.2,604,1,2024-12-24,0,0,0,22,31,40.9,3.23,0,0
207,A-f92792,Company_67,US,FinTech,ads,Basic,annual,False,2024-07-04,5.9,3-6 meses,11,18807,3.2,602,1,2024-11-03,1,0,1,40,61,52.5,8.2,1,0
208,A-22d9d2,Company_188,FR,DevTools,event,Enterprise,annual,False,2024-03-22,9.3,6-12 meses,11,14336,4.2,602,1,2024-10-17,1,1,0,102,116,13.7,10.34,1,1
209,A-dfbd31,Company_190,UK,DevTools,partner,Basic,monthly,True,2023-12-04,12.9,12+ meses,11,25079,2.4,602,2,2024-12-19,1,0,1,120,40,-66.7,5.0,0,1
210,A-95b24a,Company_117,US,FinTech,event,Basic,monthly,True,2023-06-06,18.9,12+ meses,9,25034,2.4,601,0,,0,0,0,41,91,122.0,3.3,1,0
211,A-ffdfd5,Company_365,US,EdTech,organic,Enterprise,annual,True,2024-04-13,8.6,6-12 meses,7,14175,4.2,595,1,2024-08-08,0,0,0,62,77,24.2,5.19,0,0
212,A-ad64c6,Company_175,UK,DevTools,event,Enterprise,annual,True,2024-02-23,10.2,6-12 meses,4,14120,4.2,593,2,2024-07-29,2,0,2,16,13,-18.8,0.0,0,0
213,A-180abf,Company_122,US,DevTools,event,Pro,monthly,True,2023-08-14,16.6,12+ meses,6,24576,2.4,590,5,2024-09-12,0,0,0,76,46,-39.5,2.17,1,0
214,A-3793ee,Company_332,CA,Cybersecurity,organic,Enterprise,monthly,False,2023-03-21,21.4,12+ meses,4,24304,2.4,583,1,2023-06-16,0,0,0,46,44,-4.3,0.0,0,0
215,A-427b69,Company_453,US,FinTech,other,Basic,monthly,False,2024-08-23,4.3,3-6 meses,7,18194,3.2,582,0,,0,0,0,75,79,5.3,13.92,0,0
216,A-700ade,Company_472,UK,Cybersecurity,organic,Basic,monthly,False,2024-10-31,2.0,0-3 meses,6,13859,4.2,582,0,,1,0,1,26,16,-38.5,0.0,0,0
217,A-8adedc,Company_300,US,EdTech,event,Pro,annual,True,2024-02-11,10.6,6-12 meses,9,13801,4.2,580,0,,0,0,0,71,37,-47.9,13.51,0,0
218,A-e51ec7,Company_113,CA,FinTech,partner,Enterprise,monthly,True,2023-09-23,15.3,12+ meses,5,24076,2.4,578,3,2024-04-07,1,0,0,25,33,32.0,0.0,1,0
219,A-bb2f49,Company_356,US,Cybersecurity,other,Pro,monthly,False,2023-05-28,19.2,12+ meses,10,23990,2.4,576,0,,0,0,0,75,55,-26.7,9.09,1,0
220,A-922109,Company_243,US,Cybersecurity,ads,Enterprise,monthly,False,2024-01-26,11.2,6-12 meses,9,13677,4.2,574,2,2024-12-17,0,0,0,120,96,-20.0,2.08,0,0
221,A-f97b9a,Company_159,US,FinTech,event,Pro,annual,True,2023-07-09,17.8,12+ meses,7,23833,2.4,572,0,,1,0,1,56,88,57.1,4.55,1,0
222,A-bcf87c,Company_288,US,FinTech,event,Enterprise,monthly,True,2024-06-27,6.1,6-12 meses,8,13611,4.2,572,0,,0,0,0,74,77,4.1,3.9,0,1
223,A-4ef964,Company_262,US,HealthTech,organic,Pro,monthly,True,2024-03-07,9.8,6-12 meses,7,13557,4.2,569,1,2024-06-19,1,0,0,52,151,190.4,5.3,0,0
224,A-3b5cd1,Company_49,US,FinTech,event,Enterprise,annual,True,2023-09-12,15.6,12+ meses,11,23676,2.4,568,3,2024-08-30,1,0,1,76,98,28.9,4.08,0,0
225,A-ad296b,Company_112,AU,DevTools,event,Pro,annual,True,2024-07-15,5.6,3-6 meses,4,17708,3.2,567,0,,0,0,0,30,36,20.0,5.56,0,0
226,A-c9bb3e,Company_336,US,EdTech,ads,Basic,monthly,True,2024-03-24,9.3,6-12 meses,8,13502,4.2,567,2,2024-10-03,2,0,1,59,17,-71.2,11.76,0,0
227,A-eb1312,Company_322,US,FinTech,partner,Basic,annual,True,2024-09-16,3.5,3-6 meses,11,17672,3.2,566,2,2024-10-03,0,0,0,82,119,45.1,3.36,1,0
228,A-029f69,Company_129,CA,Cybersecurity,event,Basic,annual,True,2024-03-07,9.8,6-12 meses,12,13324,4.2,560,3,2024-12-14,0,0,0,103,38,-63.1,21.05,2,0
229,A-463db0,Company_16,US,HealthTech,partner,Pro,annual,True,2024-12-05,0.9,0-3 meses,7,13266,4.2,557,1,2024-12-30,1,0,0,49,54,10.2,5.56,0,0
230,A-432483,Company_78,US,Cybersecurity,ads,Pro,annual,True,2023-02-06,22.8,12+ meses,5,22941,2.4,551,0,,0,0,0,64,83,29.7,4.82,0,0
231,A-37f969,Company_150,IN,HealthTech,partner,Enterprise,annual,True,2023-10-14,14.6,12+ meses,8,22959,2.4,551,4,2024-12-12,0,0,0,57,21,-63.2,0.0,0,0
232,A-d792a6,Company_486,US,DevTools,organic,Enterprise,annual,True,2023-01-23,23.3,12+ meses,10,22954,2.4,551,2,2024-08-13,2,0,2,113,92,-18.6,8.7,0,0
233,A-8b25f2,Company_96,US,Cybersecurity,ads,Enterprise,monthly,True,2024-02-17,10.4,6-12 meses,9,12965,4.2,545,0,,0,0,0,72,76,5.6,0.0,0,2
234,A-65a46c,Company_95,US,HealthTech,event,Pro,annual,True,2023-11-04,13.9,12+ meses,7,22675,2.4,544,0,,2,0,0,55,84,52.7,3.57,0,0
235,A-e6afc1,Company_346,US,DevTools,ads,Pro,annual,True,2023-02-24,22.2,12+ meses,9,22582,2.4,542,0,,0,0,0,65,41,-36.9,0.0,0,0
236,A-09540c,Company_239,CA,Cybersecurity,event,Pro,monthly,True,2023-10-30,14.1,12+ meses,5,22445,2.4,539,1,2024-03-05,0,0,0,64,38,-40.6,5.26,0,0
237,A-65c341,Company_308,US,FinTech,ads,Enterprise,annual,True,2023-12-26,12.2,12+ meses,5,22466,2.4,539,2,2024-12-16,0,0,0,32,13,-59.4,0.0,0,0
238,A-157070,Company_85,US,FinTech,ads,Enterprise,monthly,True,2023-11-09,13.7,12+ meses,10,22395,2.4,537,2,2024-12-27,1,0,0,166,73,-56.0,2.74,0,1
239,A-de58ca,Company_212,DE,HealthTech,organic,Enterprise,annual,True,2023-04-13,20.6,12+ meses,7,22277,2.4,535,0,,1,0,0,37,42,13.5,11.9,0,0
240,A-ccabf0,Company_471,IN,HealthTech,organic,Enterprise,annual,True,2023-11-06,13.8,12+ meses,8,22281,2.4,535,2,2024-10-31,0,0,0,74,76,2.7,0.0,0,0
241,A-adc1f3,Company_98,US,Cybersecurity,organic,Enterprise,monthly,True,2024-08-05,4.9,3-6 meses,7,16658,3.2,533,0,,0,0,0,19,54,184.2,3.7,0,0
242,A-443f6f,Company_304,US,Cybersecurity,organic,Basic,annual,True,2024-12-07,0.8,0-3 meses,8,12663,4.2,532,0,,1,0,1,49,76,55.1,5.26,1,0
243,A-068fc6,Company_465,US,EdTech,event,Pro,monthly,True,2023-07-17,17.5,12+ meses,8,22120,2.4,531,0,,0,0,0,90,73,-18.9,2.74,0,0
244,A-2e4581,Company_0,US,EdTech,partner,Basic,monthly,True,2024-10-16,2.5,0-3 meses,8,12603,4.2,529,2,2024-12-05,1,0,1,111,56,-49.5,10.71,1,0
245,A-e2cd1b,Company_121,US,DevTools,other,Enterprise,annual,True,2024-02-04,10.9,6-12 meses,7,12548,4.2,527,0,,0,0,0,58,60,3.4,6.67,1,0
246,A-40de06,Company_369,US,Cybersecurity,event,Basic,annual,True,2023-05-08,19.8,12+ meses,12,21918,2.4,526,0,,0,0,0,82,146,78.0,2.74,0,1
247,A-91e948,Company_88,AU,EdTech,partner,Enterprise,monthly,True,2023-01-29,23.1,12+ meses,6,21894,2.4,525,0,,0,0,0,35,40,14.3,0.0,0,0
248,A-bc4d48,Company_343,US,EdTech,ads,Basic,annual,True,2024-06-12,6.6,6-12 meses,6,12390,4.2,520,0,,1,1,0,38,23,-39.5,13.04,0,0
249,A-659280,Company_417,IN,FinTech,event,Basic,monthly,False,2023-11-17,13.5,12+ meses,10,21450,2.4,515,2,2024-11-22,0,0,0,68,88,29.4,1.14,1,0
250,A-cea1f0,Company_273,US,FinTech,event,Enterprise,annual,False,2024-04-07,8.8,6-12 meses,8,12244,4.2,514,0,,1,0,0,66,97,47.0,0.0,1,0
251,A-756192,Company_390,IN,FinTech,other,Pro,annual,True,2023-06-11,18.7,12+ meses,8,21400,2.4,514,0,,0,0,0,79,57,-27.8,5.26,0,0
252,A-0e966d,Company_493,IN,FinTech,ads,Enterprise,annual,True,2024-06-25,6.2,6-12 meses,9,12236,4.2,514,0,,1,0,0,58,101,74.1,1.98,0,0
253,A-7f4db3,Company_441,US,FinTech,other,Enterprise,annual,True,2023-03-05,21.9,12+ meses,9,21304,2.4,511,1,2023-03-21,0,0,0,95,151,58.9,2.65,0,1
254,A-6a7c9d,Company_324,US,Cybersecurity,organic,Pro,annual,True,2024-10-24,2.2,0-3 meses,4,12135,4.2,510,2,2024-11-21,0,0,0,31,34,9.7,0.0,0,0
255,A-f03140,Company_209,IN,DevTools,event,Enterprise,monthly,True,2023-11-22,13.3,12+ meses,9,21075,2.4,506,1,2024-10-03,0,0,0,61,77,26.2,2.6,1,0
256,A-a865bd,Company_297,US,Cybersecurity,organic,Pro,monthly,False,2023-09-19,15.4,12+ meses,5,21022,2.4,505,2,2024-03-18,1,0,0,24,63,162.5,1.59,0,0
257,A-94d3da,Company_61,US,HealthTech,other,Basic,monthly,True,2023-05-03,20.0,12+ meses,6,20664,2.4,496,1,2024-04-12,2,0,1,32,51,59.4,1.96,0,0
258,A-50bb9f,Company_373,US,Cybersecurity,organic,Pro,annual,True,2024-07-12,5.7,3-6 meses,7,15499,3.2,496,2,2024-09-12,0,0,0,10,21,110.0,19.05,1,0
259,A-186a44,Company_101,US,HealthTech,ads,Enterprise,monthly,False,2023-08-07,16.8,12+ meses,8,20609,2.4,495,0,,1,0,0,88,92,4.5,4.35,1,0
260,A-5247b3,Company_375,UK,FinTech,partner,Basic,annual,True,2024-03-12,9.7,6-12 meses,9,11791,4.2,495,2,2024-10-16,0,0,0,115,55,-52.2,9.09,1,0
261,A-fe79a5,Company_81,IN,HealthTech,ads,Enterprise,annual,True,2024-02-21,10.3,6-12 meses,5,11741,4.2,493,0,,1,0,1,59,21,-64.4,23.81,0,0
262,A-5a92e7,Company_413,US,HealthTech,ads,Basic,monthly,True,2024-06-11,6.7,6-12 meses,13,11666,4.2,490,2,2024-11-11,1,0,0,107,113,5.6,5.31,0,0
263,A-ac14bb,Company_15,US,FinTech,partner,Basic,annual,True,2023-09-08,15.8,12+ meses,5,20382,2.4,489,2,2024-10-01,0,0,0,61,49,-19.7,12.24,0,0
264,A-c16b88,Company_431,US,HealthTech,event,Enterprise,annual,False,2023-12-02,13.0,12+ meses,6,20338,2.4,488,1,2024-06-01,0,0,0,77,10,-87.0,0.0,2,0
265,A-e4bf56,Company_272,IN,HealthTech,ads,Enterprise,monthly,True,2024-10-28,2.1,0-3 meses,6,11563,4.2,486,0,,0,0,0,27,71,163.0,2.82,0,1
266,A-0532a9,Company_170,IN,FinTech,event,Pro,annual,False,2024-09-25,3.2,3-6 meses,10,15161,3.2,485,1,2024-10-09,1,0,1,98,83,-15.3,4.82,4,0
267,A-40a557,Company_86,AU,Cybersecurity,partner,Enterprise,monthly,True,2023-12-03,12.9,12+ meses,7,20140,2.4,483,1,2023-12-08,2,0,1,55,26,-52.7,0.0,1,0
268,A-6dee43,Company_478,UK,FinTech,other,Basic,annual,False,2023-08-12,16.7,12+ meses,8,20075,2.4,482,1,2024-01-14,1,0,1,41,24,-41.5,0.0,0,0
269,A-5a184f,Company_124,DE,DevTools,other,Basic,annual,True,2023-06-19,18.4,12+ meses,8,19999,2.4,480,3,2024-09-11,0,0,0,67,116,73.1,5.17,0,0
270,A-779e4e,Company_193,US,HealthTech,organic,Basic,annual,True,2023-01-02,23.9,12+ meses,8,19986,2.4,480,0,,1,0,0,40,28,-30.0,25.0,0,0
271,A-e40f45,Company_317,US,HealthTech,organic,Enterprise,monthly,True,2024-04-18,8.4,6-12 meses,5,11426,4.2,480,1,2024-11-09,0,0,0,26,84,223.1,3.57,0,0
272,A-dec005,Company_445,US,HealthTech,partner,Basic,monthly,False,2023-10-13,14.6,12+ meses,7,19998,2.4,480,1,2024-11-23,0,0,0,61,98,60.7,4.08,1,0
273,A-cc98bc,Company_469,US,DevTools,ads,Pro,annual,True,2023-05-24,19.3,12+ meses,7,19999,2.4,480,0,,0,0,0,23,83,260.9,2.41,0,0
274,A-f45426,Company_172,US,HealthTech,organic,Pro,monthly,False,2024-08-05,4.9,3-6 meses,6,14959,3.2,479,2,2024-11-13,0,0,0,81,123,51.9,5.69,0,2
275,A-e89151,Company_234,UK,FinTech,organic,Enterprise,annual,True,2023-09-14,15.6,12+ meses,7,19762,2.4,474,0,,1,0,1,28,79,182.1,3.8,0,0
276,A-271f46,Company_84,US,DevTools,event,Enterprise,monthly,True,2023-02-09,22.7,12+ meses,6,19604,2.4,470,2,2024-08-09,0,0,0,16,65,306.2,4.62,0,0
277,A-410e86,Company_210,US,FinTech,organic,Enterprise,monthly,False,2024-11-10,1.7,0-3 meses,4,11184,4.2,470,0,,0,0,0,21,27,28.6,7.41,0,0
278,A-86fc1d,Company_328,UK,DevTools,partner,Enterprise,monthly,False,2024-07-26,5.2,3-6 meses,5,14687,3.2,470,1,2024-08-12,1,0,1,24,65,170.8,3.08,2,0
279,A-9b9fe9,Company_71,AU,EdTech,other,Enterprise,monthly,True,2023-09-28,15.1,12+ meses,9,19480,2.4,468,2,2024-09-04,1,0,1,97,104,7.2,4.81,0,0
280,A-53f4e3,Company_194,UK,Cybersecurity,event,Pro,monthly,True,2024-06-14,6.6,6-12 meses,9,11092,4.2,466,1,2024-12-06,0,0,0,80,46,-42.5,13.04,0,0
281,A-5a3eb9,Company_283,CA,DevTools,other,Enterprise,monthly,True,2023-08-20,16.4,12+ meses,12,19411,2.4,466,3,2024-06-12,0,0,0,82,41,-50.0,12.2,0,0
282,A-781cc0,Company_499,US,EdTech,organic,Basic,annual,True,2024-09-04,3.9,3-6 meses,11,14555,3.2,466,2,2024-12-09,1,0,0,167,145,-13.2,2.76,1,0
283,A-337bc1,Company_424,US,Cybersecurity,organic,Pro,monthly,False,2023-07-19,17.4,12+ meses,5,19379,2.4,465,2,2023-12-16,2,0,1,45,58,28.9,6.9,0,0
284,A-712533,Company_498,US,EdTech,organic,Pro,monthly,False,2023-07-31,17.0,12+ meses,10,19382,2.4,465,1,2024-07-18,2,0,1,43,91,111.6,4.4,1,0
285,A-bece89,Company_128,IN,Cybersecurity,event,Pro,annual,True,2023-12-01,13.0,12+ meses,6,19250,2.4,462,2,2024-07-27,0,0,0,18,44,144.4,13.64,0,0
286,A-310452,Company_321,FR,DevTools,other,Pro,annual,True,2024-12-25,0.2,0-3 meses,4,11003,4.2,462,2,2024-12-27,1,0,0,69,27,-60.9,3.7,0,0
287,A-fdfc91,Company_414,US,Cybersecurity,ads,Basic,monthly,True,2023-05-06,19.9,12+ meses,8,19191,2.4,461,0,,1,0,0,49,20,-59.2,0.0,0,0
288,A-684255,Company_20,US,FinTech,ads,Basic,monthly,False,2024-04-14,8.6,6-12 meses,11,10864,4.2,456,2,2024-07-03,0,0,0,80,84,5.0,4.76,0,1
289,A-c43359,Company_83,US,FinTech,organic,Basic,monthly,True,2024-11-16,1.5,0-3 meses,4,10868,4.2,456,2,2024-12-19,0,0,0,34,76,123.5,11.84,2,1
290,A-313be3,Company_136,US,EdTech,partner,Pro,monthly,True,2023-11-15,13.5,12+ meses,5,19006,2.4,456,2,2024-03-23,1,1,0,76,82,7.9,8.54,0,0
291,A-075038,Company_397,UK,HealthTech,ads,Basic,monthly,True,2023-05-12,19.7,12+ meses,11,18909,2.4,454,1,2024-09-05,1,0,0,160,89,-44.4,3.37,0,0
292,A-7c83a1,Company_447,US,Cybersecurity,partner,Pro,monthly,True,2024-05-06,7.9,6-12 meses,7,10741,4.2,451,1,2024-05-19,0,0,0,69,82,18.8,0.0,0,1
293,A-e36807,Company_164,AU,EdTech,other,Enterprise,monthly,True,2024-05-17,7.5,6-12 meses,7,10707,4.2,450,0,,0,0,0,14,89,535.7,1.12,0,0
294,A-df1e44,Company_323,UK,Cybersecurity,organic,Pro,monthly,True,2024-02-23,10.2,6-12 meses,8,10719,4.2,450,2,2024-11-20,1,0,1,46,59,28.3,1.69,0,0
295,A-cab532,Company_218,FR,DevTools,organic,Pro,annual,True,2023-04-03,21.0,12+ meses,12,18569,2.4,446,1,2024-07-10,0,0,0,139,122,-12.2,7.38,1,0
296,A-6e08f3,Company_220,US,Cybersecurity,event,Basic,annual,True,2023-02-27,22.1,12+ meses,8,18190,2.4,437,1,2024-02-10,0,0,0,51,104,103.9,2.88,0,0
297,A-bb1eaa,Company_468,US,Cybersecurity,organic,Pro,annual,True,2024-06-11,6.7,6-12 meses,5,10381,4.2,436,1,2024-08-15,0,0,0,9,29,222.2,6.9,0,0
298,A-7a0d69,Company_187,DE,DevTools,ads,Enterprise,monthly,True,2024-06-15,6.5,6-12 meses,8,10362,4.2,435,3,2024-12-29,0,0,0,150,90,-40.0,3.33,1,0
299,A-5f2961,Company_284,US,HealthTech,partner,Basic,annual,True,2024-11-22,1.3,0-3 meses,7,10299,4.2,433,1,2024-11-28,0,0,0,32,9,-71.9,0.0,0,0
300,A-396e5f,Company_30,CA,Cybersecurity,other,Pro,monthly,False,2024-10-02,3.0,0-3 meses,9,10236,4.2,430,1,2024-11-30,1,1,0,63,101,60.3,4.95,1,1
301,A-503d5a,Company_99,US,FinTech,other,Enterprise,annual,False,2023-10-21,14.4,12+ meses,9,17884,2.4,429,0,,2,0,1,52,138,165.4,6.52,0,0
302,A-4437e4,Company_192,US,Cybersecurity,event,Basic,annual,True,2023-09-16,15.5,12+ meses,13,17831,2.4,428,1,2024-06-21,2,0,1,99,68,-31.3,11.76,1,1
303,A-0a282f,Company_2,US,DevTools,organic,Pro,annual,True,2024-08-27,4.1,3-6 meses,12,13311,3.2,426,2,2024-12-31,1,0,0,88,104,18.2,4.81,1,1
304,A-417d2f,Company_285,IN,Cybersecurity,partner,Pro,monthly,True,2023-07-04,17.9,12+ meses,13,17759,2.4,426,1,2024-12-30,2,0,2,87,72,-17.2,5.56,0,0
305,A-d82ef9,Company_355,UK,EdTech,other,Basic,monthly,True,2024-07-02,6.0,3-6 meses,8,13320,3.2,426,1,2024-08-06,2,1,1,152,83,-45.4,7.23,0,0
306,A-a6d261,Company_303,CA,FinTech,other,Basic,annual,True,2023-11-29,13.1,12+ meses,12,17694,2.4,425,1,2024-03-10,2,0,1,115,36,-68.7,0.0,1,0
307,A-81edc3,Company_236,IN,Cybersecurity,ads,Enterprise,annual,True,2023-10-30,14.1,12+ meses,11,17524,2.4,421,3,2024-12-16,0,0,0,75,161,114.7,7.45,1,0
308,A-0baac2,Company_264,DE,FinTech,organic,Enterprise,annual,True,2024-05-30,7.1,6-12 meses,4,9943,4.2,418,4,2024-12-24,0,0,0,12,23,91.7,4.35,0,0
309,A-2922b6,Company_70,US,HealthTech,organic,Pro,annual,False,2024-11-14,1.5,0-3 meses,5,9934,4.2,417,1,2024-12-25,1,0,0,40,77,92.5,5.19,1,0
310,A-7f6b86,Company_299,US,HealthTech,partner,Basic,annual,True,2023-08-24,16.3,12+ meses,5,17197,2.4,413,1,2024-07-10,2,0,1,78,33,-57.7,9.09,0,0
311,A-7cfe77,Company_367,US,DevTools,ads,Basic,annual,True,2024-07-10,5.7,3-6 meses,5,12765,3.2,408,2,2024-12-19,1,0,0,25,17,-32.0,0.0,0,0
312,A-72799b,Company_394,FR,DevTools,event,Pro,annual,True,2023-11-13,13.6,12+ meses,7,16935,2.4,406,1,2024-05-05,0,0,0,25,59,136.0,10.17,0,0
313,A-940b8b,Company_398,DE,HealthTech,organic,Pro,annual,True,2024-03-19,9.4,6-12 meses,5,9640,4.2,405,0,,1,0,1,59,11,-81.4,0.0,0,0
314,A-dcc2f0,Company_309,UK,FinTech,organic,Basic,annual,False,2023-07-22,17.3,12+ meses,12,16758,2.4,402,1,2024-04-10,0,0,0,120,65,-45.8,3.08,1,0
315,A-fabe19,Company_97,UK,DevTools,ads,Enterprise,monthly,False,2024-11-11,1.6,0-3 meses,3,9552,4.2,401,0,,0,0,0,42,54,28.6,1.85,2,0
316,A-600734,Company_327,US,DevTools,organic,Pro,monthly,True,2023-11-14,13.6,12+ meses,11,16711,2.4,401,0,,0,0,0,82,74,-9.8,0.0,0,0
317,A-524364,Company_388,FR,DevTools,partner,Basic,monthly,True,2024-12-31,0.0,0-3 meses,4,9552,4.2,401,0,,1,0,0,24,0,-100.0,,0,0
318,A-3ce5b8,Company_256,IN,FinTech,ads,Basic,monthly,True,2023-09-07,15.8,12+ meses,7,16650,2.4,400,1,2024-09-18,2,0,0,44,54,22.7,9.26,0,0
319,A-1b9609,Company_5,IN,EdTech,ads,Basic,annual,True,2023-10-12,14.7,12+ meses,9,16614,2.4,399,3,2024-11-16,1,0,1,71,67,-5.6,0.0,0,0
320,A-52dd88,Company_127,US,Cybersecurity,ads,Pro,annual,True,2023-02-21,22.3,12+ meses,10,16592,2.4,398,0,,0,0,0,60,55,-8.3,7.27,1,0
321,A-c16101,Company_139,IN,EdTech,other,Pro,monthly,True,2024-09-06,3.8,3-6 meses,10,12422,3.2,398,2,2024-12-19,1,1,1,67,105,56.7,4.76,0,0
322,A-6da850,Company_293,IN,FinTech,organic,Enterprise,annual,False,2023-10-07,14.8,12+ meses,9,16534,2.4,397,3,2024-10-25,2,0,1,80,31,-61.2,6.45,0,0
323,A-4c56c9,Company_449,US,FinTech,partner,Basic,annual,True,2023-12-20,12.4,12+ meses,8,16256,2.4,390,1,2024-04-05,1,0,0,70,88,25.7,6.82,0,0
324,A-eafc6e,Company_149,US,DevTools,partner,Pro,monthly,True,2023-07-06,17.9,12+ meses,5,16229,2.4,389,2,2024-12-12,0,0,0,25,21,-16.0,0.0,0,0
325,A-54ecc2,Company_289,US,Cybersecurity,partner,Enterprise,monthly,True,2023-06-11,18.7,12+ meses,10,16168,2.4,388,3,2024-11-23,1,0,0,84,57,-32.1,5.26,0,0
326,A-8ae05d,Company_147,IN,FinTech,other,Pro,monthly,True,2024-04-06,8.8,6-12 meses,4,9116,4.2,383,1,2024-08-30,0,0,0,11,47,327.3,6.38,0,0
327,A-3d957b,Company_311,UK,HealthTech,other,Enterprise,annual,False,2024-04-04,8.9,6-12 meses,5,9066,4.2,381,1,2024-05-05,0,0,0,0,14,,0.0,0,0
328,A-016043,Company_405,CA,EdTech,organic,Enterprise,annual,True,2024-07-31,5.0,3-6 meses,8,11740,3.2,376,1,2024-08-11,1,0,1,50,53,6.0,5.66,2,0
329,A-cc1d8d,Company_440,US,FinTech,other,Enterprise,annual,True,2024-12-08,0.8,0-3 meses,10,8947,4.2,376,2,2024-12-19,0,0,0,80,69,-13.8,13.04,1,1
330,A-bc87bc,Company_456,US,FinTech,event,Basic,monthly,True,2024-07-17,5.5,3-6 meses,6,11690,3.2,374,0,,1,0,0,23,69,200.0,0.0,0,0
331,A-6c093d,Company_12,US,DevTools,partner,Basic,annual,True,2023-04-14,20.6,12+ meses,8,15556,2.4,373,0,,0,0,0,55,109,98.2,8.26,0,0
332,A-354f12,Company_201,US,FinTech,ads,Basic,monthly,True,2024-04-28,8.1,6-12 meses,4,8889,4.2,373,1,2024-09-19,0,0,0,0,67,,1.49,0,0
333,A-3be56b,Company_200,IN,HealthTech,event,Basic,annual,False,2023-10-26,14.2,12+ meses,8,15325,2.4,368,2,2024-06-20,0,0,0,68,56,-17.6,3.57,0,0
334,A-96e141,Company_134,UK,DevTools,partner,Enterprise,monthly,True,2023-08-12,16.7,12+ meses,5,15183,2.4,364,2,2024-09-22,0,0,0,31,45,45.2,4.44,0,0
335,A-712426,Company_155,US,HealthTech,other,Basic,monthly,True,2024-11-10,1.7,0-3 meses,10,8671,4.2,364,3,2024-12-23,1,0,0,120,60,-50.0,3.33,2,0
336,A-484819,Company_109,US,HealthTech,organic,Enterprise,monthly,True,2023-02-21,22.3,12+ meses,6,15088,2.4,362,2,2023-12-29,0,0,0,41,17,-58.5,0.0,1,0
337,A-f17767,Company_123,US,DevTools,event,Pro,annual,True,2023-01-30,23.0,12+ meses,12,14914,2.4,358,1,2023-05-03,0,0,0,88,51,-42.0,7.84,0,0
338,A-3cc791,Company_423,US,EdTech,other,Pro,monthly,True,2024-01-10,11.7,6-12 meses,6,8522,4.2,358,1,2024-10-09,1,0,1,26,44,69.2,2.27,0,0
339,A-1b7577,Company_39,US,Cybersecurity,other,Pro,monthly,True,2024-10-27,2.1,0-3 meses,8,8505,4.2,357,0,,0,0,0,84,106,26.2,3.77,0,1
340,A-ab438f,Company_233,US,Cybersecurity,ads,Enterprise,annual,True,2024-09-13,3.6,3-6 meses,3,11144,3.2,357,1,2024-12-02,0,0,0,46,29,-37.0,0.0,1,0
341,A-3b37d9,Company_384,US,FinTech,event,Enterprise,annual,True,2023-01-27,23.1,12+ meses,4,14858,2.4,357,2,2024-10-13,0,0,0,19,65,242.1,0.0,0,0
342,A-508199,Company_208,AU,FinTech,event,Enterprise,annual,True,2024-01-28,11.1,6-12 meses,4,8436,4.2,354,0,,0,0,0,37,48,29.7,12.5,0,0
343,A-9123ac,Company_219,DE,Cybersecurity,organic,Enterprise,annual,True,2023-06-20,18.4,12+ meses,6,14751,2.4,354,2,2024-10-23,2,0,0,9,83,822.2,4.82,0,0
344,A-c4ea60,Company_18,DE,FinTech,other,Enterprise,monthly,True,2023-03-09,21.8,12+ meses,8,14646,2.4,352,0,,0,0,0,41,61,48.8,3.28,0,0
345,A-67be94,Company_276,US,EdTech,organic,Pro,monthly,True,2023-04-04,20.9,12+ meses,6,14567,2.4,350,2,2024-06-30,2,0,1,63,70,11.1,4.29,1,0
346,A-9a532a,Company_333,US,HealthTech,partner,Enterprise,monthly,True,2024-07-06,5.8,3-6 meses,3,10945,3.2,350,0,,0,0,0,43,30,-30.2,3.33,0,0
347,A-297a2d,Company_448,UK,HealthTech,event,Enterprise,annual,True,2023-05-05,19.9,12+ meses,4,14373,2.4,345,0,,0,0,0,10,21,110.0,4.76,0,0
348,A-151c9a,Company_260,US,FinTech,ads,Pro,monthly,False,2023-01-27,23.1,12+ meses,5,14250,2.4,342,1,2023-11-04,0,0,0,47,61,29.8,9.84,0,0
349,A-a1bbb6,Company_74,CA,DevTools,organic,Pro,monthly,True,2023-04-05,20.9,12+ meses,6,14157,2.4,340,0,,0,0,0,19,58,205.3,0.0,0,0
350,A-00cac8,Company_26,AU,HealthTech,organic,Pro,annual,True,2023-09-15,15.5,12+ meses,8,14121,2.4,339,0,,0,0,0,41,47,14.6,2.13,0,1
351,A-d922bf,Company_221,US,HealthTech,ads,Enterprise,annual,True,2023-09-08,15.8,12+ meses,3,14129,2.4,339,1,2024-12-06,0,0,0,47,40,-14.9,12.5,0,0
352,A-3932db,Company_144,CA,HealthTech,other,Enterprise,monthly,True,2023-10-04,14.9,12+ meses,6,14087,2.4,338,0,,0,0,0,76,99,30.3,3.03,0,0
353,A-149a69,Company_302,US,DevTools,event,Basic,monthly,True,2024-10-17,2.5,0-3 meses,3,8058,4.2,338,1,2024-12-04,1,0,1,17,0,-100.0,,0,0
354,A-378b99,Company_60,UK,EdTech,ads,Pro,annual,True,2024-09-01,4.0,3-6 meses,9,10524,3.2,337,1,2024-10-12,0,0,0,42,85,102.4,1.18,1,1
355,A-17939a,Company_162,US,HealthTech,organic,Basic,annual,True,2024-12-26,0.2,0-3 meses,9,8035,4.2,337,0,,0,0,0,54,39,-27.8,5.13,0,0
356,A-cc102e,Company_443,US,HealthTech,partner,Basic,annual,True,2024-04-15,8.5,6-12 meses,8,8005,4.2,336,3,2024-11-19,1,0,0,21,61,190.5,14.75,1,0
357,A-ad3abd,Company_410,US,FinTech,event,Pro,monthly,True,2023-03-03,22.0,12+ meses,4,13904,2.4,334,1,2023-07-12,1,0,1,39,39,0.0,0.0,0,0
358,A-7da956,Company_141,US,Cybersecurity,event,Enterprise,monthly,True,2024-06-02,7.0,6-12 meses,7,7930,4.2,333,0,,0,0,0,98,72,-26.5,2.78,0,1
359,A-34ea2f,Company_436,US,HealthTech,organic,Enterprise,annual,False,2024-08-15,4.5,3-6 meses,8,10404,3.2,333,2,2024-10-19,1,0,1,88,89,1.1,7.87,3,0
360,A-9c18c4,Company_481,US,HealthTech,ads,Enterprise,monthly,True,2023-07-27,17.2,12+ meses,7,13814,2.4,332,0,,1,0,0,79,87,10.1,1.15,1,0
361,A-69b156,Company_396,US,EdTech,other,Basic,annual,True,2023-11-21,13.3,12+ meses,6,13798,2.4,331,0,,0,0,0,32,20,-37.5,10.0,0,2
362,A-96215d,Company_318,US,FinTech,event,Pro,annual,False,2024-08-08,4.8,3-6 meses,6,10312,3.2,330,0,,0,0,0,50,41,-18.0,2.44,0,0
363,A-328bd0,Company_237,AU,HealthTech,partner,Pro,annual,True,2023-05-16,19.5,12+ meses,10,13726,2.4,329,0,,0,0,0,66,74,12.1,1.35,0,1
364,A-5f7781,Company_483,US,DevTools,other,Pro,annual,True,2024-08-20,4.4,3-6 meses,4,10252,3.2,328,1,2024-12-25,0,0,0,41,14,-65.9,7.14,0,0
365,A-798a3f,Company_463,FR,DevTools,other,Enterprise,monthly,False,2023-10-19,14.4,12+ meses,6,13563,2.4,326,1,2024-07-19,1,0,0,38,32,-15.8,3.12,0,0
366,A-e61e98,Company_115,US,FinTech,partner,Enterprise,annual,True,2023-10-20,14.4,12+ meses,8,13484,2.4,324,1,2024-10-19,1,0,1,157,18,-88.5,16.67,0,0
367,A-d49cc5,Company_275,FR,Cybersecurity,event,Basic,monthly,True,2023-09-19,15.4,12+ meses,8,13325,2.4,320,1,2024-04-12,1,0,1,11,61,454.5,4.92,0,0
368,A-1e50e0,Company_415,DE,Cybersecurity,other,Enterprise,annual,True,2023-02-21,22.3,12+ meses,4,13295,2.4,319,2,2024-04-26,1,0,1,26,19,-26.9,5.26,0,0
369,A-c37cab,Company_278,UK,Cybersecurity,event,Basic,annual,True,2024-07-29,5.1,3-6 meses,8,9931,3.2,318,2,2024-11-16,0,0,0,96,105,9.4,12.38,1,1
370,A-f51f16,Company_282,US,HealthTech,partner,Basic,annual,True,2023-12-25,12.2,12+ meses,6,13261,2.4,318,2,2024-12-07,0,0,0,39,38,-2.6,15.79,0,0
371,A-625d0b,Company_290,AU,EdTech,ads,Enterprise,annual,True,2024-09-02,3.9,3-6 meses,8,9903,3.2,317,0,,1,0,1,57,97,70.2,4.12,0,0
372,A-c16cf7,Company_377,US,EdTech,event,Basic,annual,True,2024-10-16,2.5,0-3 meses,8,7498,4.2,315,2,2024-12-07,1,0,0,78,66,-15.4,6.06,0,0
373,A-117171,Company_135,FR,HealthTech,organic,Basic,annual,True,2024-09-12,3.6,3-6 meses,2,9810,3.2,314,3,2024-11-14,1,0,0,41,15,-63.4,0.0,0,0
374,A-22f2df,Company_106,US,DevTools,ads,Basic,annual,True,2024-12-14,0.6,0-3 meses,8,7451,4.2,313,0,,0,0,0,32,45,40.6,11.11,1,1
375,A-bb3bd4,Company_340,US,HealthTech,ads,Basic,annual,True,2024-01-27,11.1,6-12 meses,6,7452,4.2,313,2,2024-06-30,2,0,0,49,14,-71.4,0.0,0,0
376,A-9289f6,Company_104,US,EdTech,event,Pro,annual,False,2023-05-31,19.1,12+ meses,9,12868,2.4,309,1,2023-08-24,2,0,1,81,87,7.4,2.3,1,0
377,A-ef84cf,Company_274,US,EdTech,partner,Basic,monthly,True,2024-03-01,10.0,6-12 meses,3,7355,4.2,309,3,2024-11-20,2,1,0,45,50,11.1,6.0,0,0
378,A-9bfc9f,Company_228,CA,DevTools,ads,Pro,monthly,True,2023-09-14,15.6,12+ meses,6,12745,2.4,306,0,,0,0,0,38,19,-50.0,5.26,0,0
379,A-dcc3f1,Company_314,US,HealthTech,event,Basic,annual,False,2023-12-27,12.2,12+ meses,7,12747,2.4,306,2,2024-10-10,0,0,0,43,84,95.3,8.33,0,1
380,A-54d94a,Company_385,IN,Cybersecurity,event,Basic,annual,True,2023-05-01,20.0,12+ meses,10,12557,2.4,301,0,,0,0,0,92,63,-31.5,0.0,0,0
381,A-e5d6ab,Company_7,US,EdTech,partner,Pro,annual,True,2023-04-15,20.6,12+ meses,8,12383,2.4,297,2,2024-05-11,0,0,0,41,83,102.4,8.43,0,0
382,A-cbbe12,Company_450,DE,Cybersecurity,partner,Enterprise,monthly,True,2023-03-22,21.4,12+ meses,3,12321,2.4,296,0,,0,0,0,20,16,-20.0,0.0,0,0
383,A-8145a0,Company_33,AU,Cybersecurity,partner,Basic,monthly,True,2023-04-25,20.2,12+ meses,10,12285,2.4,295,1,2023-07-12,1,0,0,103,79,-23.3,1.27,0,0
384,A-7f29a7,Company_386,UK,Cybersecurity,event,Basic,monthly,True,2024-09-18,3.4,3-6 meses,7,9143,3.2,293,1,2024-10-09,0,0,0,63,49,-22.2,8.16,0,0
385,A-05d3b3,Company_213,AU,DevTools,ads,Enterprise,annual,True,2023-05-28,19.2,12+ meses,9,12154,2.4,292,2,2024-09-09,1,0,1,125,49,-60.8,0.0,0,0
386,A-55f257,Company_496,US,FinTech,organic,Enterprise,monthly,False,2023-12-21,12.4,12+ meses,7,12137,2.4,291,0,,0,0,0,43,112,160.5,0.89,0,0
387,A-e1462e,Company_217,UK,FinTech,partner,Basic,annual,False,2023-03-12,21.7,12+ meses,5,12030,2.4,289,2,2024-12-05,0,0,0,49,26,-46.9,3.85,0,0
388,A-7641d3,Company_429,US,EdTech,partner,Basic,annual,True,2023-02-16,22.5,12+ meses,9,12060,2.4,289,2,2024-06-07,1,0,0,86,59,-31.4,1.69,0,0
389,A-139c3b,Company_185,US,HealthTech,organic,Pro,annual,True,2024-11-21,1.3,0-3 meses,5,6822,4.2,287,0,,2,0,0,60,94,56.7,2.13,1,0
390,A-39b19f,Company_176,US,FinTech,partner,Basic,monthly,True,2023-02-03,22.9,12+ meses,7,11902,2.4,286,1,2023-03-11,1,1,0,72,9,-87.5,0.0,0,0
391,A-c62e55,Company_315,US,EdTech,partner,Pro,annual,True,2023-02-08,22.7,12+ meses,9,11902,2.4,286,0,,0,0,0,18,53,194.4,7.55,0,0
392,A-ce66f8,Company_17,CA,EdTech,event,Pro,annual,True,2023-08-23,16.3,12+ meses,6,11858,2.4,285,0,,1,0,0,15,60,300.0,1.67,0,0
393,A-8ed5dd,Company_222,UK,EdTech,event,Basic,monthly,True,2023-06-29,18.1,12+ meses,11,11861,2.4,285,2,2024-11-02,1,0,0,57,55,-3.5,7.27,0,1
394,A-098560,Company_349,UK,DevTools,ads,Enterprise,monthly,True,2023-10-21,14.4,12+ meses,9,11775,2.4,283,2,2024-09-04,1,0,0,66,76,15.2,7.89,0,0
395,A-a2485e,Company_467,US,FinTech,event,Enterprise,annual,True,2024-08-04,4.9,3-6 meses,6,8775,3.2,281,0,,0,0,0,18,50,177.8,6.0,0,0
396,A-a8b49c,Company_72,UK,Cybersecurity,partner,Pro,annual,True,2023-10-06,14.8,12+ meses,10,11567,2.4,278,1,2024-06-17,0,0,0,75,49,-34.7,0.0,1,0
397,A-ee42db,Company_77,DE,EdTech,ads,Basic,monthly,True,2023-04-25,20.2,12+ meses,8,11567,2.4,278,4,2024-11-12,0,0,0,32,120,275.0,5.83,0,0
398,A-df10db,Company_143,US,DevTools,other,Enterprise,monthly,True,2023-06-06,18.9,12+ meses,9,11464,2.4,275,2,2024-07-12,0,0,0,148,85,-42.6,17.65,0,0
399,A-bcf664,Company_248,US,DevTools,other,Pro,annual,True,2023-05-19,19.4,12+ meses,10,11340,2.4,272,3,2024-10-04,1,0,0,77,89,15.6,1.12,0,0
400,A-88c6ca,Company_179,DE,FinTech,ads,Pro,annual,True,2024-10-25,2.2,0-3 meses,6,6449,4.2,271,0,,0,0,0,70,58,-17.1,3.45,0,0
401,A-3c1a3f,Company_224,UK,DevTools,event,Basic,annual,False,2023-08-26,16.2,12+ meses,7,11192,2.4,269,0,,0,0,0,68,71,4.4,1.41,0,0
402,A-034368,Company_353,US,EdTech,event,Enterprise,monthly,True,2023-11-05,13.9,12+ meses,4,11194,2.4,269,1,2024-08-29,0,0,0,52,30,-42.3,16.67,0,0
403,A-b20d99,Company_29,IN,HealthTech,other,Enterprise,monthly,True,2023-09-27,15.1,12+ meses,7,11069,2.4,266,1,2024-03-04,0,0,0,39,0,-100.0,,1,0
404,A-425e76,Company_110,UK,DevTools,other,Enterprise,annual,True,2023-05-17,19.5,12+ meses,10,10743,2.4,258,4,2024-10-22,0,0,0,77,33,-57.1,0.0,0,0
405,A-92a333,Company_116,US,FinTech,event,Basic,monthly,True,2023-03-24,21.3,12+ meses,6,10659,2.4,256,0,,0,0,0,48,79,64.6,11.39,0,0
406,A-794a0b,Company_168,DE,HealthTech,organic,Enterprise,monthly,True,2023-06-02,19.0,12+ meses,5,10575,2.4,254,1,2024-09-09,0,0,0,53,92,73.6,1.09,0,0
407,A-474ad4,Company_261,US,EdTech,organic,Enterprise,annual,False,2023-11-28,13.1,12+ meses,10,10533,2.4,253,0,,0,0,0,145,77,-46.9,3.9,0,0
408,A-2edab2,Company_301,US,HealthTech,event,Pro,monthly,True,2023-11-17,13.5,12+ meses,9,10557,2.4,253,2,2024-06-23,0,0,0,47,60,27.7,0.0,0,0
409,A-e888d1,Company_102,US,Cybersecurity,other,Pro,monthly,True,2023-03-28,21.2,12+ meses,7,10462,2.4,251,3,2024-11-29,0,0,0,85,64,-24.7,6.25,0,0
410,A-1f559b,Company_357,US,HealthTech,organic,Basic,annual,False,2023-09-04,15.9,12+ meses,8,10350,2.4,248,1,2024-09-28,1,0,0,46,66,43.5,6.06,0,0
411,A-db5e9e,Company_442,US,DevTools,partner,Pro,annual,True,2024-11-09,1.7,0-3 meses,5,5868,4.2,246,1,2024-12-29,0,0,0,76,60,-21.1,5.0,0,1
412,A-9affe6,Company_401,US,Cybersecurity,other,Pro,monthly,True,2023-03-22,21.4,12+ meses,9,10142,2.4,243,1,2024-01-12,0,0,0,40,68,70.0,1.47,0,0
413,A-7988d1,Company_90,US,Cybersecurity,other,Pro,monthly,False,2023-12-20,12.4,12+ meses,5,10065,2.4,242,3,2024-12-24,1,0,0,61,90,47.5,8.89,0,0
414,A-fb186e,Company_131,IN,EdTech,organic,Enterprise,monthly,True,2024-10-27,2.1,0-3 meses,1,5771,4.2,242,0,,0,0,0,26,21,-19.2,14.29,0,0
415,A-43a9e3,Company_1,IN,FinTech,other,Pro,monthly,True,2023-08-17,16.5,12+ meses,8,10004,2.4,240,0,,0,0,0,69,38,-44.9,7.89,0,0
416,A-d535f6,Company_421,US,DevTools,organic,Pro,annual,True,2024-09-03,3.9,3-6 meses,6,7415,3.2,237,2,2024-11-26,0,0,0,60,29,-51.7,0.0,1,3
417,A-cdf020,Company_345,AU,DevTools,organic,Pro,monthly,True,2023-08-16,16.5,12+ meses,4,9771,2.4,235,2,2024-11-07,0,0,0,59,45,-23.7,2.22,1,0
418,A-59f724,Company_432,US,HealthTech,other,Basic,monthly,True,2023-11-03,13.9,12+ meses,9,9773,2.4,235,0,,1,0,0,110,79,-28.2,7.59,0,0
419,A-e98302,Company_286,US,EdTech,ads,Basic,annual,True,2023-12-26,12.2,12+ meses,5,9725,2.4,233,0,,1,0,0,53,30,-43.4,13.33,0,0
420,A-6a4e2d,Company_46,UK,EdTech,partner,Basic,annual,True,2023-04-07,20.8,12+ meses,8,9537,2.4,229,1,2024-07-19,0,0,0,44,80,81.8,2.5,1,0
421,A-b30291,Company_344,US,HealthTech,event,Pro,annual,True,2024-04-05,8.9,6-12 meses,7,5375,4.2,226,1,2024-09-03,0,0,0,81,70,-13.6,4.29,0,0
422,A-1f0ac7,Company_3,UK,HealthTech,other,Pro,monthly,True,2023-08-27,16.2,12+ meses,6,9275,2.4,223,1,2024-11-08,0,0,0,54,45,-16.7,6.67,1,0
423,A-832ec2,Company_19,UK,FinTech,event,Enterprise,annual,False,2023-11-19,13.4,12+ meses,6,9299,2.4,223,2,2024-09-15,0,0,0,79,86,8.9,4.65,1,0
424,A-f44180,Company_376,UK,Cybersecurity,event,Pro,monthly,True,2023-02-13,22.6,12+ meses,6,9286,2.4,223,1,2023-04-29,0,0,0,47,80,70.2,5.0,0,0
425,A-9ee962,Company_59,US,HealthTech,ads,Basic,annual,True,2023-02-28,22.1,12+ meses,6,9249,2.4,222,1,2024-10-03,0,0,0,28,23,-17.9,0.0,0,0
426,A-1b707d,Company_56,US,Cybersecurity,organic,Basic,monthly,True,2023-07-14,17.6,12+ meses,6,9180,2.4,220,1,2023-07-21,1,0,1,81,79,-2.5,6.33,1,0
427,A-fce879,Company_291,UK,EdTech,partner,Basic,annual,True,2024-09-24,3.2,3-6 meses,4,6797,3.2,218,2,2024-12-03,0,0,0,24,48,100.0,2.08,0,1
428,A-4bfa33,Company_251,US,Cybersecurity,event,Pro,monthly,True,2024-12-07,0.8,0-3 meses,5,5165,4.2,217,3,2024-12-28,0,0,0,35,85,142.9,7.06,0,0
429,A-94c3cd,Company_351,CA,FinTech,other,Enterprise,monthly,True,2023-09-20,15.4,12+ meses,3,9036,2.4,217,0,,0,0,0,35,32,-8.6,6.25,0,0
430,A-32fb14,Company_25,US,DevTools,event,Enterprise,annual,True,2023-03-07,21.8,12+ meses,6,8775,2.4,211,3,2024-04-28,0,0,0,45,28,-37.8,14.29,0,0
431,A-f446b6,Company_36,DE,DevTools,ads,Basic,annual,True,2023-05-12,19.7,12+ meses,8,8805,2.4,211,0,,1,1,1,33,54,63.6,9.26,0,0
432,A-104f1a,Company_89,US,Cybersecurity,other,Basic,monthly,True,2024-08-17,4.5,3-6 meses,6,6590,3.2,211,3,2024-12-11,1,0,1,26,65,150.0,6.15,0,0
433,A-51ec1b,Company_247,US,DevTools,ads,Enterprise,annual,True,2023-11-08,13.8,12+ meses,4,8567,2.4,206,1,2023-12-09,0,0,0,40,10,-75.0,0.0,2,1
434,A-2f6a32,Company_160,US,HealthTech,organic,Basic,annual,True,2024-08-26,4.2,3-6 meses,7,6221,3.2,199,0,,0,0,0,115,65,-43.5,7.69,1,0
435,A-ced9aa,Company_310,US,DevTools,other,Pro,annual,True,2024-10-05,2.9,0-3 meses,9,4697,4.2,197,0,,0,0,0,53,41,-22.6,7.32,0,0
436,A-bad8c1,Company_34,AU,FinTech,organic,Pro,monthly,True,2023-03-01,22.0,12+ meses,5,7797,2.4,187,1,2023-10-04,0,0,0,29,53,82.8,0.0,0,0
437,A-8ae3fc,Company_495,CA,DevTools,ads,Basic,monthly,True,2024-06-28,6.1,6-12 meses,7,4447,4.2,187,1,2024-08-10,0,0,0,51,53,3.9,5.66,0,0
438,A-4c6f11,Company_146,CA,FinTech,organic,Basic,monthly,True,2023-11-27,13.1,12+ meses,5,7586,2.4,182,2,2024-10-18,0,0,0,35,48,37.1,2.08,0,0
439,A-e83938,Company_111,UK,DevTools,other,Basic,annual,False,2023-11-21,13.3,12+ meses,7,7503,2.4,180,3,2024-12-29,1,0,0,43,24,-44.2,4.17,0,0
440,A-45ce7a,Company_31,US,FinTech,ads,Enterprise,monthly,True,2023-07-23,17.3,12+ meses,5,7432,2.4,178,0,,1,0,1,39,32,-17.9,0.0,0,0
441,A-089363,Company_387,AU,FinTech,event,Basic,annual,False,2023-05-06,19.9,12+ meses,7,7373,2.4,177,1,2023-11-27,0,0,0,46,83,80.4,3.61,0,0
442,A-c608c8,Company_199,DE,DevTools,ads,Pro,annual,True,2023-04-27,20.2,12+ meses,7,7325,2.4,176,1,2024-06-04,0,0,0,56,60,7.1,3.33,0,0
443,A-39868b,Company_422,AU,FinTech,partner,Pro,monthly,False,2024-03-17,9.5,6-12 meses,4,4194,4.2,176,2,2024-05-24,0,0,0,54,58,7.4,3.45,1,0
444,A-702032,Company_186,US,HealthTech,ads,Basic,annual,True,2023-10-03,14.9,12+ meses,4,7168,2.4,172,2,2024-06-14,0,0,0,30,34,13.3,2.94,1,0
445,A-0158bb,Company_461,DE,FinTech,partner,Pro,annual,True,2024-05-22,7.3,6-12 meses,4,4070,4.2,171,0,,0,0,0,67,25,-62.7,0.0,1,0
446,A-b9f5b1,Company_494,US,Cybersecurity,other,Enterprise,annual,True,2023-01-24,23.2,12+ meses,4,7072,2.4,170,1,2023-07-21,1,0,0,31,47,51.6,0.0,0,0
447,A-558c72,Company_438,US,FinTech,organic,Pro,annual,True,2023-06-01,19.0,12+ meses,6,6783,2.4,163,1,2024-11-28,0,0,0,28,50,78.6,12.0,0,0
448,A-4ae22a,Company_229,US,EdTech,other,Basic,annual,True,2024-05-09,7.8,6-12 meses,6,3860,4.2,162,1,2024-07-20,0,0,0,38,61,60.5,4.92,0,0
449,A-42e5e1,Company_118,US,DevTools,ads,Pro,annual,False,2024-07-09,5.7,3-6 meses,4,4936,3.2,158,1,2024-10-04,0,0,0,50,58,16.0,15.52,0,0
450,A-331424,Company_246,US,DevTools,organic,Enterprise,monthly,True,2023-11-06,13.8,12+ meses,3,6567,2.4,158,1,2024-02-21,0,0,0,46,20,-56.5,0.0,0,0
451,A-0a62f5,Company_381,UK,FinTech,partner,Basic,monthly,True,2024-09-11,3.6,3-6 meses,4,4861,3.2,156,5,2024-12-27,1,0,1,15,11,-26.7,0.0,0,0
452,A-ccc747,Company_339,FR,HealthTech,event,Basic,annual,True,2024-01-12,11.6,6-12 meses,4,3685,4.2,155,3,2024-09-02,0,0,0,33,20,-39.4,5.0,0,0
453,A-9f2731,Company_24,IN,FinTech,event,Pro,monthly,True,2024-10-04,2.9,0-3 meses,4,3613,4.2,152,2,2024-12-09,0,0,0,38,64,68.4,6.25,0,1
454,A-856b1e,Company_161,US,FinTech,partner,Pro,monthly,True,2023-10-31,14.0,12+ meses,5,6321,2.4,152,0,,0,0,0,40,50,25.0,8.0,0,0
455,A-c42f1f,Company_21,US,HealthTech,other,Basic,monthly,True,2024-07-28,5.1,3-6 meses,7,4636,3.2,148,0,,0,0,0,24,16,-33.3,6.25,1,1
456,A-bbe56f,Company_406,US,HealthTech,ads,Basic,annual,True,2023-02-16,22.5,12+ meses,4,6025,2.4,145,0,,2,0,1,23,22,-4.3,13.64,0,0
457,A-7c5768,Company_407,UK,HealthTech,event,Basic,annual,True,2024-03-02,10.0,6-12 meses,6,3389,4.2,142,0,,2,0,0,35,55,57.1,5.45,0,0
458,A-e7beab,Company_458,DE,EdTech,organic,Pro,monthly,True,2023-10-20,14.4,12+ meses,3,5913,2.4,142,1,2024-04-25,0,0,0,20,17,-15.0,0.0,0,0
459,A-6e7827,Company_372,US,DevTools,other,Pro,annual,True,2023-03-26,21.2,12+ meses,8,5894,2.4,141,2,2024-04-09,1,0,0,87,40,-54.0,7.5,0,0
460,A-7c6b6b,Company_223,US,FinTech,other,Pro,monthly,True,2024-11-30,1.0,0-3 meses,5,3250,4.2,136,1,2024-12-09,0,0,0,23,29,26.1,6.9,0,0
461,A-af0cd2,Company_204,IN,Cybersecurity,other,Basic,annual,True,2023-01-03,23.9,12+ meses,8,5529,2.4,133,1,2023-10-26,0,0,0,18,119,561.1,5.88,0,0
462,A-10b8da,Company_9,US,DevTools,partner,Pro,monthly,True,2023-05-08,19.8,12+ meses,4,5404,2.4,130,0,,0,0,0,14,56,300.0,5.36,0,0
463,A-c7e58b,Company_404,IN,HealthTech,other,Basic,monthly,True,2023-06-25,18.2,12+ meses,6,5384,2.4,129,0,,2,0,1,52,19,-63.5,5.26,0,0
464,A-0f3e88,Company_428,US,HealthTech,other,Basic,annual,True,2023-07-23,17.3,12+ meses,9,5281,2.4,127,1,2024-08-11,1,0,0,92,124,34.8,4.84,1,0
465,A-019782,Company_142,FR,DevTools,event,Basic,annual,True,2023-04-19,20.4,12+ meses,6,5169,2.4,124,0,,1,0,0,110,64,-41.8,9.38,0,0
466,A-2b9d3e,Company_319,US,EdTech,partner,Enterprise,monthly,True,2023-06-04,18.9,12+ meses,8,5142,2.4,123,0,,0,0,0,40,55,37.5,9.09,0,0
467,A-a7bd4b,Company_363,US,Cybersecurity,ads,Basic,monthly,True,2023-02-15,22.5,12+ meses,7,5102,2.4,122,1,2024-10-15,1,0,0,92,72,-21.7,4.17,0,0
468,A-e19ff6,Company_411,UK,Cybersecurity,partner,Pro,monthly,False,2023-07-28,17.1,12+ meses,8,4910,2.4,118,3,2024-06-27,0,0,0,68,48,-29.4,0.0,1,0
469,A-241e75,Company_242,US,EdTech,partner,Basic,monthly,True,2024-07-03,5.9,3-6 meses,5,3594,3.2,115,2,2024-12-19,0,0,0,22,39,77.3,0.0,0,0
470,A-b54c01,Company_354,US,DevTools,event,Basic,annual,False,2024-09-29,3.1,3-6 meses,3,3393,3.2,109,1,2024-10-23,0,0,0,17,7,-58.8,0.0,0,0
471,A-4e0e85,Company_409,US,DevTools,organic,Pro,annual,False,2023-09-08,15.8,12+ meses,4,4544,2.4,109,2,2024-03-14,0,0,0,8,58,625.0,5.17,1,0
472,A-ff3c73,Company_244,AU,HealthTech,other,Basic,annual,True,2023-01-26,23.2,12+ meses,6,4335,2.4,104,2,2024-05-09,0,0,0,23,67,191.3,5.97,0,0
473,A-b11cd0,Company_439,US,DevTools,ads,Pro,annual,True,2023-01-20,23.4,12+ meses,3,4312,2.4,103,0,,1,0,0,15,19,26.7,0.0,0,0
474,A-b2af2e,Company_227,UK,Cybersecurity,event,Basic,annual,False,2024-08-24,4.2,3-6 meses,4,3112,3.2,100,1,2024-11-14,0,0,0,12,30,150.0,3.33,0,1
475,A-32728c,Company_54,US,DevTools,event,Basic,annual,True,2023-01-03,23.9,12+ meses,5,4118,2.4,99,3,2024-07-19,0,0,0,33,28,-15.2,7.14,0,0
476,A-0f7d77,Company_457,IN,FinTech,partner,Basic,annual,True,2024-10-28,2.1,0-3 meses,5,2326,4.2,98,1,2024-11-09,0,0,0,9,57,533.3,17.54,0,0
477,A-86cdb4,Company_250,DE,DevTools,partner,Basic,monthly,True,2024-09-22,3.3,3-6 meses,6,3006,3.2,96,0,,2,0,1,30,121,303.3,4.96,0,0
478,A-e351e1,Company_62,US,EdTech,other,Pro,monthly,True,2024-09-26,3.2,3-6 meses,3,2871,3.2,92,3,2024-12-04,2,0,0,61,58,-4.9,3.45,0,0
479,A-ae052e,Company_132,CA,FinTech,other,Pro,annual,True,2023-09-11,15.7,12+ meses,2,3822,2.4,92,4,2024-12-14,0,0,0,20,20,0.0,0.0,0,0
480,A-69fad4,Company_103,UK,FinTech,ads,Basic,annual,True,2023-04-06,20.9,12+ meses,4,3678,2.4,88,1,2024-06-17,0,0,0,32,78,143.8,5.13,0,0
481,A-9208f0,Company_79,US,EdTech,organic,Basic,annual,True,2023-05-11,19.7,12+ meses,4,3413,2.4,82,4,2024-11-09,1,0,0,51,50,-2.0,8.0,0,0
482,A-c45b23,Company_75,UK,FinTech,partner,Pro,annual,True,2023-12-08,12.8,12+ meses,8,3330,2.4,80,1,2024-03-24,1,0,1,83,44,-47.0,2.27,0,0
483,A-7c4956,Company_254,US,DevTools,ads,Basic,annual,True,2023-05-06,19.9,12+ meses,5,3314,2.4,80,0,,1,0,1,48,75,56.2,10.67,0,0
484,A-439b2f,Company_152,US,DevTools,ads,Pro,monthly,True,2024-02-21,10.3,6-12 meses,5,1796,4.2,75,2,2024-11-18,1,0,1,11,18,63.6,0.0,1,0
485,A-342303,Company_294,US,EdTech,other,Pro,annual,True,2024-03-16,9.5,6-12 meses,2,1695,4.2,71,1,2024-03-20,0,0,0,25,14,-44.0,0.0,0,0
486,A-f1f639,Company_296,US,EdTech,ads,Enterprise,monthly,True,2023-02-26,22.1,12+ meses,4,2919,2.4,70,2,2024-04-07,1,0,0,6,31,416.7,0.0,0,0
487,A-b7724f,Company_320,UK,HealthTech,organic,Basic,monthly,True,2023-03-28,21.2,12+ meses,5,2774,2.4,67,3,2024-09-01,1,0,0,83,35,-57.8,0.0,0,0
488,A-cb6cc6,Company_419,US,DevTools,ads,Pro,monthly,True,2023-04-03,21.0,12+ meses,5,2622,2.4,63,0,,1,0,0,48,40,-16.7,5.0,0,0
489,A-5b051a,Company_181,US,Cybersecurity,event,Pro,monthly,True,2024-08-05,4.9,3-6 meses,3,1914,3.2,61,0,,0,0,0,23,49,113.0,14.29,0,0
490,A-f19b24,Company_462,US,Cybersecurity,organic,Basic,monthly,True,2023-01-10,23.7,12+ meses,3,2523,2.4,61,0,,0,0,0,0,37,,16.22,0,0
491,A-038089,Company_156,FR,DevTools,other,Basic,annual,True,2023-12-19,12.4,12+ meses,3,2104,2.4,50,2,2024-12-25,0,0,0,33,9,-72.7,0.0,0,0
492,A-296d7c,Company_182,DE,DevTools,other,Pro,annual,True,2023-11-08,13.8,12+ meses,6,1989,2.4,48,1,2024-11-04,0,0,0,40,25,-37.5,4.0,0,0
493,A-fd7ad3,Company_100,US,Cybersecurity,event,Basic,monthly,True,2024-11-01,2.0,0-3 meses,5,904,4.2,38,4,2024-12-31,2,0,0,68,46,-32.4,10.87,2,0
494,A-bf7919,Company_426,US,HealthTech,organic,Basic,monthly,False,2024-11-27,1.1,0-3 meses,2,825,4.2,35,2,2024-12-17,1,0,1,18,19,5.6,21.05,0,0
495,A-0be015,Company_454,US,FinTech,event,Basic,monthly,False,2024-10-15,2.5,0-3 meses,2,817,4.2,34,1,2024-12-13,2,1,1,70,47,-32.9,0.0,0,0
496,A-9077b0,Company_41,US,HealthTech,ads,Enterprise,annual,True,2024-08-25,4.2,3-6 meses,3,779,3.2,25,0,,0,0,0,94,33,-64.9,0.0,3,0
497,A-44dc83,Company_35,FR,EdTech,other,Basic,annual,True,2024-05-12,7.7,6-12 meses,1,456,4.2,19,1,2024-11-29,0,0,0,37,12,-67.6,0.0,0,0
498,A-1e6fc3,Company_434,FR,EdTech,other,Enterprise,annual,True,2023-12-06,12.8,12+ meses,2,444,2.4,11,1,2024-03-20,0,0,0,50,12,-76.0,0.0,0,0
499,A-751bd4,Company_408,UK,Cybersecurity,partner,Basic,monthly,True,2024-07-12,5.7,3-6 meses,1,190,3.2,6,1,2024-09-22,2,0,0,13,30,130.8,0.0,0,0
500,A-13466a,Company_196,AU,DevTools,event,Basic,annual,True,2023-10-22,14.3,12+ meses,1,171,2.4,4,2,2024-04-18,1,1,0,0,38,,2.63,0,0
